TrainerID,ModelVersion,Samples,PartialStatUtility,FullStatUtility_Unnormalized,FullStatUtility_Normalized,Source
505f9fc483cf4df68a2409257b5fad7d3c580371,N/A,N/A,11.664862429661556,1711.5979989803463,N/A,fwdllm_aggregator
505f9fc483cf4df68a2409257b5fad7d3c580372,N/A,N/A,10.727438738791811,1623.075333262467,N/A,fwdllm_aggregator
505f9fc483cf4df68a2409257b5fad7d3c580373,N/A,N/A,10.96025917526428,1643.5506538219217,N/A,fwdllm_aggregator
505f9fc483cf4df68a2409257b5fad7d3c580374,N/A,N/A,10.808988320635054,1619.0089369651491,N/A,fwdllm_aggregator
505f9fc483cf4df68a2409257b5fad7d3c580375,N/A,N/A,10.3975339019729,1566.7126257763316,N/A,fwdllm_aggregator
505f9fc483cf4df68a2409257b5fad7d3c580371,N/A,N/A,11.545075024624948,1711.5979989803463,N/A,fwdllm_aggregator
505f9fc483cf4df68a2409257b5fad7d3c580374,N/A,N/A,10.878534904456595,1619.0089369651491,N/A,fwdllm_aggregator
505f9fc483cf4df68a2409257b5fad7d3c580373,N/A,N/A,10.979610967362591,1643.5506538219217,N/A,fwdllm_aggregator
505f9fc483cf4df68a2409257b5fad7d3c580375,N/A,N/A,10.488232148977245,1566.7126257763316,N/A,fwdllm_aggregator
505f9fc483cf4df68a2409257b5fad7d3c580376,N/A,N/A,11.594548200496336,1740.6599223881515,N/A,fwdllm_aggregator
505f9fc483cf4df68a2409257b5fad7d3c580371,N/A,N/A,11.545075024624948,1711.5979989803463,N/A,fwdllm_aggregator
505f9fc483cf4df68a2409257b5fad7d3c580376,N/A,N/A,11.621480429491196,1740.6599223881515,N/A,fwdllm_aggregator
505f9fc483cf4df68a2409257b5fad7d3c580374,N/A,N/A,10.878534904456595,1619.0089369651491,N/A,fwdllm_aggregator
505f9fc483cf4df68a2409257b5fad7d3c580375,N/A,N/A,10.488232148977245,1566.7126257763316,N/A,fwdllm_aggregator
505f9fc483cf4df68a2409257b5fad7d3c580373,N/A,N/A,10.979610967362591,1643.5506538219217,N/A,fwdllm_aggregator
505f9fc483cf4df68a2409257b5fad7d3c580377,N/A,N/A,11.59330777458487,1706.6616609743342,N/A,fwdllm_aggregator
505f9fc483cf4df68a2409257b5fad7d3c580371,N/A,N/A,11.545075024624948,1711.5979989803463,N/A,fwdllm_aggregator
505f9fc483cf4df68a2409257b5fad7d3c580376,N/A,N/A,11.621480429491196,1740.6599223881515,N/A,fwdllm_aggregator
505f9fc483cf4df68a2409257b5fad7d3c580374,N/A,N/A,10.878534904456595,1619.0089369651491,N/A,fwdllm_aggregator
505f9fc483cf4df68a2409257b5fad7d3c580375,N/A,N/A,10.488232148977245,1566.7126257763316,N/A,fwdllm_aggregator
505f9fc483cf4df68a2409257b5fad7d3c580373,N/A,N/A,10.979610967362591,1643.5506538219217,N/A,fwdllm_aggregator
505f9fc483cf4df68a2409257b5fad7d3c580371,N/A,N/A,11.545075024624948,1711.5979989803463,N/A,fwdllm_aggregator
505f9fc483cf4df68a2409257b5fad7d3c580376,N/A,N/A,11.621480429491196,1740.6599223881515,N/A,fwdllm_aggregator
505f9fc483cf4df68a2409257b5fad7d3c580374,N/A,N/A,10.878534904456595,1619.0089369651491,N/A,fwdllm_aggregator
505f9fc483cf4df68a2409257b5fad7d3c580377,N/A,N/A,11.411052873663625,1706.6616609743342,N/A,fwdllm_aggregator
505f9fc483cf4df68a2409257b5fad7d3c580375,N/A,N/A,10.488232148977245,1566.7126257763316,N/A,fwdllm_aggregator
505f9fc483cf4df68a2409257b5fad7d3c580378,N/A,N/A,11.552827985937308,1722.4743360315572,N/A,fwdllm_aggregator
505f9fc483cf4df68a2409257b5fad7d3c580374,N/A,N/A,10.878534904456595,1619.0089369651491,N/A,fwdllm_aggregator
505f9fc483cf4df68a2409257b5fad7d3c580373,N/A,N/A,10.979610967362591,1643.5506538219217,N/A,fwdllm_aggregator
505f9fc483cf4df68a2409257b5fad7d3c580371,N/A,N/A,11.545075024624948,1711.5979989803463,N/A,fwdllm_aggregator
505f9fc483cf4df68a2409257b5fad7d3c580376,N/A,N/A,11.621480429491196,1740.6599223881515,N/A,fwdllm_aggregator
505f9fc483cf4df68a2409257b5fad7d3c580377,N/A,N/A,11.411052873663625,1706.6616609743342,N/A,fwdllm_aggregator
505f9fc483cf4df68a2409257b5fad7d3c580379,N/A,N/A,11.661791264136108,1725.3967449208378,N/A,fwdllm_aggregator
505f9fc483cf4df68a2409257b5fad7d3c580374,N/A,N/A,10.878534904456595,1619.0089369651491,N/A,fwdllm_aggregator
505f9fc483cf4df68a2409257b5fad7d3c580375,N/A,N/A,10.488232148977245,1566.7126257763316,N/A,fwdllm_aggregator
505f9fc483cf4df68a2409257b5fad7d3c580378,N/A,N/A,11.434874853492673,1722.4743360315572,N/A,fwdllm_aggregator
505f9fc483cf4df68a2409257b5fad7d3c580373,N/A,N/A,10.979610967362591,1643.5506538219217,N/A,fwdllm_aggregator
505f9fc483cf4df68a2409257b5fad7d3c580371,N/A,N/A,11.545075024624948,1711.5979989803463,N/A,fwdllm_aggregator
505f9fc483cf4df68a2409257b5fad7d3c580377,N/A,N/A,11.411052873663625,1706.6616609743342,N/A,fwdllm_aggregator
505f9fc483cf4df68a2409257b5fad7d3c580376,N/A,N/A,11.621480429491196,1740.6599223881515,N/A,fwdllm_aggregator
505f9fc483cf4df68a2409257b5fad7d3c580374,N/A,N/A,10.73913521977234,1620.4431054974737,N/A,fwdllm_aggregator
505f9fc483cf4df68a2409257b5fad7d3c580379,N/A,N/A,11.567785426258942,1718.1426772356185,N/A,fwdllm_aggregator
505f9fc483cf4df68a2409257b5fad7d3c580378,N/A,N/A,11.556151920808105,1702.318883328235,N/A,fwdllm_aggregator
505f9fc483cf4df68a2409257b5fad7d3c580381,N/A,N/A,10.686934963704843,1616.7363876305324,N/A,fwdllm_aggregator
505f9fc483cf4df68a2409257b5fad7d3c580377,N/A,N/A,11.272050398140644,1668.103686725729,N/A,fwdllm_aggregator
505f9fc483cf4df68a2409257b5fad7d3c580380,N/A,N/A,11.05848267451281,1641.7755117721447,N/A,fwdllm_aggregator
505f9fc483cf4df68a2409257b5fad7d3c580373,N/A,N/A,10.77616997051357,1626.4804037082188,N/A,fwdllm_aggregator
505f9fc483cf4df68a2409257b5fad7d3c580375,N/A,N/A,10.879055626218637,1627.2871759024113,N/A,fwdllm_aggregator
505f9fc483cf4df68a2409257b5fad7d3c580374,N/A,N/A,10.73913521977234,1620.4431054974737,N/A,fwdllm_aggregator
505f9fc483cf4df68a2409257b5fad7d3c580371,N/A,N/A,11.584272680455872,1711.5979989803463,N/A,fwdllm_aggregator
505f9fc483cf4df68a2409257b5fad7d3c580377,N/A,N/A,11.272050398140644,1668.103686725729,N/A,fwdllm_aggregator
505f9fc483cf4df68a2409257b5fad7d3c580382,N/A,N/A,11.51026392126216,1714.7586907426412,N/A,fwdllm_aggregator
505f9fc483cf4df68a2409257b5fad7d3c580379,N/A,N/A,11.567785426258942,1718.1426772356185,N/A,fwdllm_aggregator
505f9fc483cf4df68a2409257b5fad7d3c580374,N/A,N/A,10.73913521977234,1620.4431054974737,N/A,fwdllm_aggregator
505f9fc483cf4df68a2409257b5fad7d3c580371,N/A,N/A,11.584272680455872,1711.5979989803463,N/A,fwdllm_aggregator
505f9fc483cf4df68a2409257b5fad7d3c580373,N/A,N/A,10.77616997051357,1626.4804037082188,N/A,fwdllm_aggregator
505f9fc483cf4df68a2409257b5fad7d3c580381,N/A,N/A,10.703719831212776,1616.7363876305324,N/A,fwdllm_aggregator
505f9fc483cf4df68a2409257b5fad7d3c580380,N/A,N/A,11.05848267451281,1641.7755117721447,N/A,fwdllm_aggregator
505f9fc483cf4df68a2409257b5fad7d3c580377,N/A,N/A,11.272050398140644,1668.103686725729,N/A,fwdllm_aggregator
505f9fc483cf4df68a2409257b5fad7d3c580379,N/A,N/A,11.567785426258942,1718.1426772356185,N/A,fwdllm_aggregator
505f9fc483cf4df68a2409257b5fad7d3c580383,N/A,N/A,11.435455973432477,1714.1708885564942,N/A,fwdllm_aggregator
505f9fc483cf4df68a2409257b5fad7d3c580375,N/A,N/A,10.879055626218637,1627.2871759024113,N/A,fwdllm_aggregator
505f9fc483cf4df68a2409257b5fad7d3c580374,N/A,N/A,10.73913521977234,1620.4431054974737,N/A,fwdllm_aggregator
505f9fc483cf4df68a2409257b5fad7d3c580379,N/A,N/A,11.567785426258942,1718.1426772356185,N/A,fwdllm_aggregator
505f9fc483cf4df68a2409257b5fad7d3c580380,N/A,N/A,11.05848267451281,1641.7755117721447,N/A,fwdllm_aggregator
505f9fc483cf4df68a2409257b5fad7d3c580377,N/A,N/A,11.272050398140644,1668.103686725729,N/A,fwdllm_aggregator
505f9fc483cf4df68a2409257b5fad7d3c580382,N/A,N/A,11.385684853362056,1714.7586907426412,N/A,fwdllm_aggregator
505f9fc483cf4df68a2409257b5fad7d3c580376,N/A,N/A,11.433092612650924,1740.6599223881515,N/A,fwdllm_aggregator
505f9fc483cf4df68a2409257b5fad7d3c580373,N/A,N/A,10.77616997051357,1626.4804037082188,N/A,fwdllm_aggregator
505f9fc483cf4df68a2409257b5fad7d3c580374,N/A,N/A,10.73913521977234,1620.4431054974737,N/A,fwdllm_aggregator
505f9fc483cf4df68a2409257b5fad7d3c580379,N/A,N/A,11.567785426258942,1718.1426772356185,N/A,fwdllm_aggregator
505f9fc483cf4df68a2409257b5fad7d3c580375,N/A,N/A,10.879055626218637,1627.2871759024113,N/A,fwdllm_aggregator
505f9fc483cf4df68a2409257b5fad7d3c580381,N/A,N/A,10.703719831212776,1616.7363876305324,N/A,fwdllm_aggregator
505f9fc483cf4df68a2409257b5fad7d3c580380,N/A,N/A,11.05848267451281,1641.7755117721447,N/A,fwdllm_aggregator
505f9fc483cf4df68a2409257b5fad7d3c580376,N/A,N/A,11.433092612650924,1740.6599223881515,N/A,fwdllm_aggregator
505f9fc483cf4df68a2409257b5fad7d3c580377,N/A,N/A,11.272050398140644,1668.103686725729,N/A,fwdllm_aggregator
505f9fc483cf4df68a2409257b5fad7d3c580385,N/A,N/A,10.872813739473386,1655.2278737506622,N/A,fwdllm_aggregator
505f9fc483cf4df68a2409257b5fad7d3c580383,N/A,N/A,11.257632569801705,1714.1708885564942,N/A,fwdllm_aggregator
505f9fc483cf4df68a2409257b5fad7d3c580371,N/A,N/A,11.584272680455872,1711.5979989803463,N/A,fwdllm_aggregator
505f9fc483cf4df68a2409257b5fad7d3c580376,N/A,N/A,11.433092612650924,1740.6599223881515,N/A,fwdllm_aggregator
505f9fc483cf4df68a2409257b5fad7d3c580378,N/A,N/A,11.556151920808105,1702.318883328235,N/A,fwdllm_aggregator
505f9fc483cf4df68a2409257b5fad7d3c580373,N/A,N/A,10.77616997051357,1626.4804037082188,N/A,fwdllm_aggregator
505f9fc483cf4df68a2409257b5fad7d3c580381,N/A,N/A,10.703719831212776,1616.7363876305324,N/A,fwdllm_aggregator
505f9fc483cf4df68a2409257b5fad7d3c580376,N/A,N/A,11.433092612650924,1740.6599223881515,N/A,fwdllm_aggregator
505f9fc483cf4df68a2409257b5fad7d3c580379,N/A,N/A,11.567785426258942,1718.1426772356185,N/A,fwdllm_aggregator
505f9fc483cf4df68a2409257b5fad7d3c580377,N/A,N/A,11.272050398140644,1668.103686725729,N/A,fwdllm_aggregator
505f9fc483cf4df68a2409257b5fad7d3c580382,N/A,N/A,11.385684853362056,1714.7586907426412,N/A,fwdllm_aggregator
505f9fc483cf4df68a2409257b5fad7d3c580374,N/A,N/A,10.73913521977234,1620.4431054974737,N/A,fwdllm_aggregator
505f9fc483cf4df68a2409257b5fad7d3c580385,N/A,N/A,10.900805844257535,1655.2278737506622,N/A,fwdllm_aggregator
505f9fc483cf4df68a2409257b5fad7d3c580380,N/A,N/A,11.05848267451281,1641.7755117721447,N/A,fwdllm_aggregator
505f9fc483cf4df68a2409257b5fad7d3c580381,N/A,N/A,10.703719831212776,1616.7363876305324,N/A,fwdllm_aggregator
505f9fc483cf4df68a2409257b5fad7d3c580384,N/A,N/A,10.433851506667304,1566.9170850862001,N/A,fwdllm_aggregator
505f9fc483cf4df68a2409257b5fad7d3c580373,N/A,N/A,10.77616997051357,1626.4804037082188,N/A,fwdllm_aggregator
505f9fc483cf4df68a2409257b5fad7d3c580377,N/A,N/A,11.272050398140644,1668.103686725729,N/A,fwdllm_aggregator
505f9fc483cf4df68a2409257b5fad7d3c580380,N/A,N/A,11.05848267451281,1641.7755117721447,N/A,fwdllm_aggregator
505f9fc483cf4df68a2409257b5fad7d3c580375,N/A,N/A,10.879055626218637,1627.2871759024113,N/A,fwdllm_aggregator
505f9fc483cf4df68a2409257b5fad7d3c580378,N/A,N/A,11.556151920808105,1702.318883328235,N/A,fwdllm_aggregator
505f9fc483cf4df68a2409257b5fad7d3c580383,N/A,N/A,11.257632569801705,1714.1708885564942,N/A,fwdllm_aggregator
505f9fc483cf4df68a2409257b5fad7d3c580384,N/A,N/A,10.416395219444958,1566.9170850862001,N/A,fwdllm_aggregator
505f9fc483cf4df68a2409257b5fad7d3c580380,N/A,N/A,11.05848267451281,1641.7755117721447,N/A,fwdllm_aggregator
505f9fc483cf4df68a2409257b5fad7d3c580381,N/A,N/A,10.703719831212776,1616.7363876305324,N/A,fwdllm_aggregator
505f9fc483cf4df68a2409257b5fad7d3c580379,N/A,N/A,11.567785426258942,1718.1426772356185,N/A,fwdllm_aggregator
505f9fc483cf4df68a2409257b5fad7d3c580373,N/A,N/A,10.77616997051357,1626.4804037082188,N/A,fwdllm_aggregator
505f9fc483cf4df68a2409257b5fad7d3c580384,N/A,N/A,10.416395219444958,1566.9170850862001,N/A,fwdllm_aggregator
505f9fc483cf4df68a2409257b5fad7d3c580374,N/A,N/A,10.73913521977234,1620.4431054974737,N/A,fwdllm_aggregator
505f9fc483cf4df68a2409257b5fad7d3c580383,N/A,N/A,11.257632569801705,1714.1708885564942,N/A,fwdllm_aggregator
505f9fc483cf4df68a2409257b5fad7d3c580375,N/A,N/A,10.879055626218637,1627.2871759024113,N/A,fwdllm_aggregator
505f9fc483cf4df68a2409257b5fad7d3c580385,N/A,N/A,10.900805844257535,1655.2278737506622,N/A,fwdllm_aggregator
505f9fc483cf4df68a2409257b5fad7d3c580371,N/A,N/A,11.584272680455872,1711.5979989803463,N/A,fwdllm_aggregator
505f9fc483cf4df68a2409257b5fad7d3c580374,N/A,N/A,10.73913521977234,1620.4431054974737,N/A,fwdllm_aggregator
505f9fc483cf4df68a2409257b5fad7d3c580385,N/A,N/A,10.478258056888,1620.216379549932,N/A,fwdllm_aggregator
505f9fc483cf4df68a2409257b5fad7d3c580379,N/A,N/A,11.345207351934933,1739.7175082727363,N/A,fwdllm_aggregator
505f9fc483cf4df68a2409257b5fad7d3c580373,N/A,N/A,10.657544367870349,1591.8135420187634,N/A,fwdllm_aggregator
505f9fc483cf4df68a2409257b5fad7d3c580382,N/A,N/A,10.911487272796249,1644.7775297839826,N/A,fwdllm_aggregator
505f9fc483cf4df68a2409257b5fad7d3c580380,N/A,N/A,10.682283611967241,1612.3958057185296,N/A,fwdllm_aggregator
505f9fc483cf4df68a2409257b5fad7d3c580384,N/A,N/A,11.228524627920812,1664.564636290974,N/A,fwdllm_aggregator
505f9fc483cf4df68a2409257b5fad7d3c580381,N/A,N/A,10.513148476719744,1581.2535888872394,N/A,fwdllm_aggregator
505f9fc483cf4df68a2409257b5fad7d3c580377,N/A,N/A,10.976659113231399,1638.1080546807084,N/A,fwdllm_aggregator
505f9fc483cf4df68a2409257b5fad7d3c580376,N/A,N/A,11.639529101098226,1740.6599223881515,N/A,fwdllm_aggregator
505f9fc483cf4df68a2409257b5fad7d3c580371,N/A,N/A,11.427746225265176,1711.5979989803463,N/A,fwdllm_aggregator
505f9fc483cf4df68a2409257b5fad7d3c580383,N/A,N/A,11.38103484317496,1714.1708885564942,N/A,fwdllm_aggregator
505f9fc483cf4df68a2409257b5fad7d3c580374,N/A,N/A,10.873826237617486,1620.4431054974737,N/A,fwdllm_aggregator
505f9fc483cf4df68a2409257b5fad7d3c580382,N/A,N/A,10.911487272796249,1644.7775297839826,N/A,fwdllm_aggregator
505f9fc483cf4df68a2409257b5fad7d3c580381,N/A,N/A,10.513148476719744,1581.2535888872394,N/A,fwdllm_aggregator
505f9fc483cf4df68a2409257b5fad7d3c580377,N/A,N/A,10.976659113231399,1638.1080546807084,N/A,fwdllm_aggregator
505f9fc483cf4df68a2409257b5fad7d3c580379,N/A,N/A,11.345207351934933,1739.7175082727363,N/A,fwdllm_aggregator
505f9fc483cf4df68a2409257b5fad7d3c580376,N/A,N/A,11.639529101098226,1740.6599223881515,N/A,fwdllm_aggregator
505f9fc483cf4df68a2409257b5fad7d3c580373,N/A,N/A,10.657544367870349,1591.8135420187634,N/A,fwdllm_aggregator
505f9fc483cf4df68a2409257b5fad7d3c580381,N/A,N/A,10.513148476719744,1581.2535888872394,N/A,fwdllm_aggregator
505f9fc483cf4df68a2409257b5fad7d3c580384,N/A,N/A,11.228524627920812,1664.564636290974,N/A,fwdllm_aggregator
505f9fc483cf4df68a2409257b5fad7d3c580375,N/A,N/A,10.888957920850405,1627.2871759024113,N/A,fwdllm_aggregator
505f9fc483cf4df68a2409257b5fad7d3c580371,N/A,N/A,11.427746225265176,1711.5979989803463,N/A,fwdllm_aggregator
505f9fc483cf4df68a2409257b5fad7d3c580383,N/A,N/A,11.38103484317496,1714.1708885564942,N/A,fwdllm_aggregator
505f9fc483cf4df68a2409257b5fad7d3c580376,N/A,N/A,11.639529101098226,1740.6599223881515,N/A,fwdllm_aggregator
505f9fc483cf4df68a2409257b5fad7d3c580384,N/A,N/A,11.228524627920812,1664.564636290974,N/A,fwdllm_aggregator
505f9fc483cf4df68a2409257b5fad7d3c580378,N/A,N/A,11.341040589829323,1702.318883328235,N/A,fwdllm_aggregator
505f9fc483cf4df68a2409257b5fad7d3c580374,N/A,N/A,10.873826237617486,1620.4431054974737,N/A,fwdllm_aggregator
505f9fc483cf4df68a2409257b5fad7d3c580385,N/A,N/A,10.478258056888,1620.216379549932,N/A,fwdllm_aggregator
505f9fc483cf4df68a2409257b5fad7d3c580384,N/A,N/A,11.228524627920812,1664.564636290974,N/A,fwdllm_aggregator
505f9fc483cf4df68a2409257b5fad7d3c580383,N/A,N/A,11.38103484317496,1714.1708885564942,N/A,fwdllm_aggregator
505f9fc483cf4df68a2409257b5fad7d3c580377,N/A,N/A,10.976659113231399,1638.1080546807084,N/A,fwdllm_aggregator
505f9fc483cf4df68a2409257b5fad7d3c580376,N/A,N/A,11.639529101098226,1740.6599223881515,N/A,fwdllm_aggregator
505f9fc483cf4df68a2409257b5fad7d3c580373,N/A,N/A,10.657544367870349,1591.8135420187634,N/A,fwdllm_aggregator
505f9fc483cf4df68a2409257b5fad7d3c580385,N/A,N/A,10.478258056888,1620.216379549932,N/A,fwdllm_aggregator
505f9fc483cf4df68a2409257b5fad7d3c580380,N/A,N/A,10.682283611967241,1612.3958057185296,N/A,fwdllm_aggregator
505f9fc483cf4df68a2409257b5fad7d3c580371,N/A,N/A,11.427746225265176,1711.5979989803463,N/A,fwdllm_aggregator
505f9fc483cf4df68a2409257b5fad7d3c580375,N/A,N/A,10.888957920850405,1627.2871759024113,N/A,fwdllm_aggregator
505f9fc483cf4df68a2409257b5fad7d3c580382,N/A,N/A,10.911487272796249,1644.7775297839826,N/A,fwdllm_aggregator
505f9fc483cf4df68a2409257b5fad7d3c580383,N/A,N/A,11.38103484317496,1714.1708885564942,N/A,fwdllm_aggregator
505f9fc483cf4df68a2409257b5fad7d3c580379,N/A,N/A,11.345207351934933,1739.7175082727363,N/A,fwdllm_aggregator
505f9fc483cf4df68a2409257b5fad7d3c580373,N/A,N/A,10.657544367870349,1591.8135420187634,N/A,fwdllm_aggregator
505f9fc483cf4df68a2409257b5fad7d3c580376,N/A,N/A,11.639529101098226,1740.6599223881515,N/A,fwdllm_aggregator
505f9fc483cf4df68a2409257b5fad7d3c580378,N/A,N/A,11.341040589829323,1702.318883328235,N/A,fwdllm_aggregator
505f9fc483cf4df68a2409257b5fad7d3c580377,N/A,N/A,10.976659113231399,1638.1080546807084,N/A,fwdllm_aggregator
505f9fc483cf4df68a2409257b5fad7d3c580371,N/A,N/A,11.427746225265176,1711.5979989803463,N/A,fwdllm_aggregator
505f9fc483cf4df68a2409257b5fad7d3c580379,N/A,N/A,11.345207351934933,1739.7175082727363,N/A,fwdllm_aggregator
505f9fc483cf4df68a2409257b5fad7d3c580381,N/A,N/A,10.513148476719744,1581.2535888872394,N/A,fwdllm_aggregator
505f9fc483cf4df68a2409257b5fad7d3c580383,N/A,N/A,11.38103484317496,1714.1708885564942,N/A,fwdllm_aggregator
505f9fc483cf4df68a2409257b5fad7d3c580384,N/A,N/A,11.228524627920812,1664.564636290974,N/A,fwdllm_aggregator
505f9fc483cf4df68a2409257b5fad7d3c580374,N/A,N/A,10.873826237617486,1620.4431054974737,N/A,fwdllm_aggregator
505f9fc483cf4df68a2409257b5fad7d3c580373,N/A,N/A,10.657544367870349,1591.8135420187634,N/A,fwdllm_aggregator
505f9fc483cf4df68a2409257b5fad7d3c580376,N/A,N/A,11.639529101098226,1740.6599223881515,N/A,fwdllm_aggregator
505f9fc483cf4df68a2409257b5fad7d3c580375,N/A,N/A,10.888957920850405,1627.2871759024113,N/A,fwdllm_aggregator
505f9fc483cf4df68a2409257b5fad7d3c580385,N/A,N/A,10.478258056888,1620.216379549932,N/A,fwdllm_aggregator
505f9fc483cf4df68a2409257b5fad7d3c580384,N/A,N/A,11.228524627920812,1664.564636290974,N/A,fwdllm_aggregator
505f9fc483cf4df68a2409257b5fad7d3c580382,N/A,N/A,10.911487272796249,1644.7775297839826,N/A,fwdllm_aggregator
505f9fc483cf4df68a2409257b5fad7d3c580377,N/A,N/A,10.976659113231399,1638.1080546807084,N/A,fwdllm_aggregator
505f9fc483cf4df68a2409257b5fad7d3c580378,N/A,N/A,11.341040589829323,1702.318883328235,N/A,fwdllm_aggregator
505f9fc483cf4df68a2409257b5fad7d3c580383,N/A,N/A,11.38103484317496,1714.1708885564942,N/A,fwdllm_aggregator
505f9fc483cf4df68a2409257b5fad7d3c580385,N/A,N/A,10.478258056888,1620.216379549932,N/A,fwdllm_aggregator
505f9fc483cf4df68a2409257b5fad7d3c580380,N/A,N/A,10.682283611967241,1612.3958057185296,N/A,fwdllm_aggregator
505f9fc483cf4df68a2409257b5fad7d3c580375,N/A,N/A,10.888957920850405,1627.2871759024113,N/A,fwdllm_aggregator
505f9fc483cf4df68a2409257b5fad7d3c580379,N/A,N/A,11.345207351934933,1739.7175082727363,N/A,fwdllm_aggregator
505f9fc483cf4df68a2409257b5fad7d3c580376,N/A,N/A,11.639529101098226,1740.6599223881515,N/A,fwdllm_aggregator
505f9fc483cf4df68a2409257b5fad7d3c580383,N/A,N/A,11.38103484317496,1714.1708885564942,N/A,fwdllm_aggregator
505f9fc483cf4df68a2409257b5fad7d3c580378,N/A,N/A,11.341040589829323,1702.318883328235,N/A,fwdllm_aggregator
505f9fc483cf4df68a2409257b5fad7d3c580382,N/A,N/A,10.911487272796249,1644.7775297839826,N/A,fwdllm_aggregator
505f9fc483cf4df68a2409257b5fad7d3c580377,N/A,N/A,10.976659113231399,1638.1080546807084,N/A,fwdllm_aggregator
505f9fc483cf4df68a2409257b5fad7d3c580383,N/A,N/A,11.38103484317496,1714.1708885564942,N/A,fwdllm_aggregator
505f9fc483cf4df68a2409257b5fad7d3c580376,N/A,N/A,11.639529101098226,1740.6599223881515,N/A,fwdllm_aggregator
505f9fc483cf4df68a2409257b5fad7d3c580381,N/A,N/A,10.513148476719744,1581.2535888872394,N/A,fwdllm_aggregator
505f9fc483cf4df68a2409257b5fad7d3c580373,N/A,N/A,10.657544367870349,1591.8135420187634,N/A,fwdllm_aggregator
505f9fc483cf4df68a2409257b5fad7d3c580374,N/A,N/A,10.873826237617486,1620.4431054974737,N/A,fwdllm_aggregator
505f9fc483cf4df68a2409257b5fad7d3c580371,N/A,N/A,11.427746225265176,1711.5979989803463,N/A,fwdllm_aggregator
505f9fc483cf4df68a2409257b5fad7d3c580380,N/A,N/A,10.682283611967241,1612.3958057185296,N/A,fwdllm_aggregator
505f9fc483cf4df68a2409257b5fad7d3c580375,N/A,N/A,10.888957920850405,1627.2871759024113,N/A,fwdllm_aggregator
505f9fc483cf4df68a2409257b5fad7d3c580379,N/A,N/A,11.345207351934933,1739.7175082727363,N/A,fwdllm_aggregator
505f9fc483cf4df68a2409257b5fad7d3c580383,N/A,N/A,11.38103484317496,1714.1708885564942,N/A,fwdllm_aggregator
505f9fc483cf4df68a2409257b5fad7d3c580376,N/A,N/A,11.639529101098226,1740.6599223881515,N/A,fwdllm_aggregator
505f9fc483cf4df68a2409257b5fad7d3c580371,N/A,N/A,11.427746225265176,1711.5979989803463,N/A,fwdllm_aggregator
505f9fc483cf4df68a2409257b5fad7d3c580374,N/A,N/A,10.873826237617486,1620.4431054974737,N/A,fwdllm_aggregator
505f9fc483cf4df68a2409257b5fad7d3c580373,N/A,N/A,10.657544367870349,1591.8135420187634,N/A,fwdllm_aggregator
505f9fc483cf4df68a2409257b5fad7d3c580378,N/A,N/A,11.341040589829323,1702.318883328235,N/A,fwdllm_aggregator
505f9fc483cf4df68a2409257b5fad7d3c580371,N/A,N/A,11.427746225265176,1711.5979989803463,N/A,fwdllm_aggregator
505f9fc483cf4df68a2409257b5fad7d3c580375,N/A,N/A,10.888957920850405,1627.2871759024113,N/A,fwdllm_aggregator
505f9fc483cf4df68a2409257b5fad7d3c580377,N/A,N/A,10.976659113231399,1638.1080546807084,N/A,fwdllm_aggregator
505f9fc483cf4df68a2409257b5fad7d3c580382,N/A,N/A,10.911487272796249,1644.7775297839826,N/A,fwdllm_aggregator
505f9fc483cf4df68a2409257b5fad7d3c580383,N/A,N/A,11.38103484317496,1714.1708885564942,N/A,fwdllm_aggregator
505f9fc483cf4df68a2409257b5fad7d3c580384,N/A,N/A,11.228524627920812,1664.564636290974,N/A,fwdllm_aggregator
505f9fc483cf4df68a2409257b5fad7d3c580375,N/A,N/A,10.888957920850405,1627.2871759024113,N/A,fwdllm_aggregator
505f9fc483cf4df68a2409257b5fad7d3c580376,N/A,N/A,11.639529101098226,1740.6599223881515,N/A,fwdllm_aggregator
505f9fc483cf4df68a2409257b5fad7d3c580378,N/A,N/A,11.341040589829323,1702.318883328235,N/A,fwdllm_aggregator
505f9fc483cf4df68a2409257b5fad7d3c580380,N/A,N/A,10.682283611967241,1612.3958057185296,N/A,fwdllm_aggregator
505f9fc483cf4df68a2409257b5fad7d3c580374,N/A,N/A,10.873826237617486,1620.4431054974737,N/A,fwdllm_aggregator
505f9fc483cf4df68a2409257b5fad7d3c580385,N/A,N/A,10.478258056888,1620.216379549932,N/A,fwdllm_aggregator
505f9fc483cf4df68a2409257b5fad7d3c580383,N/A,N/A,11.38103484317496,1714.1708885564942,N/A,fwdllm_aggregator
505f9fc483cf4df68a2409257b5fad7d3c580377,N/A,N/A,10.976659113231399,1638.1080546807084,N/A,fwdllm_aggregator
505f9fc483cf4df68a2409257b5fad7d3c580384,N/A,N/A,11.228524627920812,1664.564636290974,N/A,fwdllm_aggregator
505f9fc483cf4df68a2409257b5fad7d3c580380,N/A,N/A,10.682283611967241,1612.3958057185296,N/A,fwdllm_aggregator
505f9fc483cf4df68a2409257b5fad7d3c580379,N/A,N/A,11.345207351934933,1739.7175082727363,N/A,fwdllm_aggregator
505f9fc483cf4df68a2409257b5fad7d3c580373,N/A,N/A,10.657544367870349,1591.8135420187634,N/A,fwdllm_aggregator
505f9fc483cf4df68a2409257b5fad7d3c580375,N/A,N/A,10.888957920850405,1627.2871759024113,N/A,fwdllm_aggregator
505f9fc483cf4df68a2409257b5fad7d3c580371,N/A,N/A,11.427746225265176,1711.5979989803463,N/A,fwdllm_aggregator
505f9fc483cf4df68a2409257b5fad7d3c580385,N/A,N/A,10.478258056888,1620.216379549932,N/A,fwdllm_aggregator
505f9fc483cf4df68a2409257b5fad7d3c580381,N/A,N/A,10.513148476719744,1581.2535888872394,N/A,fwdllm_aggregator
505f9fc483cf4df68a2409257b5fad7d3c580380,N/A,N/A,10.682283611967241,1612.3958057185296,N/A,fwdllm_aggregator
505f9fc483cf4df68a2409257b5fad7d3c580383,N/A,N/A,11.38103484317496,1714.1708885564942,N/A,fwdllm_aggregator
505f9fc483cf4df68a2409257b5fad7d3c580378,N/A,N/A,11.341040589829323,1702.318883328235,N/A,fwdllm_aggregator
505f9fc483cf4df68a2409257b5fad7d3c580371,N/A,N/A,11.427746225265176,1711.5979989803463,N/A,fwdllm_aggregator
505f9fc483cf4df68a2409257b5fad7d3c580381,N/A,N/A,10.513148476719744,1581.2535888872394,N/A,fwdllm_aggregator
505f9fc483cf4df68a2409257b5fad7d3c580376,N/A,N/A,11.55340779551441,1745.4902896878725,N/A,fwdllm_aggregator
505f9fc483cf4df68a2409257b5fad7d3c580373,N/A,N/A,10.416555988995356,1577.6380763254372,N/A,fwdllm_aggregator
505f9fc483cf4df68a2409257b5fad7d3c580377,N/A,N/A,10.465244355317457,1572.52356434255,N/A,fwdllm_aggregator
505f9fc483cf4df68a2409257b5fad7d3c580378,N/A,N/A,10.87788335350409,1698.8459905657296,N/A,fwdllm_aggregator
505f9fc483cf4df68a2409257b5fad7d3c580385,N/A,N/A,10.919760656283971,1628.0430600566312,N/A,fwdllm_aggregator
505f9fc483cf4df68a2409257b5fad7d3c580379,N/A,N/A,11.83112267991451,1765.5790689891346,N/A,fwdllm_aggregator
505f9fc483cf4df68a2409257b5fad7d3c580384,N/A,N/A,11.568860423314849,1722.11264275764,N/A,fwdllm_aggregator
505f9fc483cf4df68a2409257b5fad7d3c580374,N/A,N/A,10.463956458511522,1609.5932460910547,N/A,fwdllm_aggregator
505f9fc483cf4df68a2409257b5fad7d3c580385,N/A,N/A,10.919760656283971,1628.0430600566312,N/A,fwdllm_aggregator
505f9fc483cf4df68a2409257b5fad7d3c580380,N/A,N/A,10.728980517701519,1612.3958057185296,N/A,fwdllm_aggregator
505f9fc483cf4df68a2409257b5fad7d3c580375,N/A,N/A,10.849459769164309,1627.2871759024113,N/A,fwdllm_aggregator
505f9fc483cf4df68a2409257b5fad7d3c580378,N/A,N/A,10.87788335350409,1698.8459905657296,N/A,fwdllm_aggregator
505f9fc483cf4df68a2409257b5fad7d3c580373,N/A,N/A,10.416555988995356,1577.6380763254372,N/A,fwdllm_aggregator
505f9fc483cf4df68a2409257b5fad7d3c580374,N/A,N/A,10.463956458511522,1609.5932460910547,N/A,fwdllm_aggregator
505f9fc483cf4df68a2409257b5fad7d3c580385,N/A,N/A,10.919760656283971,1628.0430600566312,N/A,fwdllm_aggregator
505f9fc483cf4df68a2409257b5fad7d3c580383,N/A,N/A,11.641454065484648,1714.1708885564942,N/A,fwdllm_aggregator
505f9fc483cf4df68a2409257b5fad7d3c580376,N/A,N/A,11.55340779551441,1745.4902896878725,N/A,fwdllm_aggregator
505f9fc483cf4df68a2409257b5fad7d3c580371,N/A,N/A,11.400743801547144,1711.5979989803463,N/A,fwdllm_aggregator
505f9fc483cf4df68a2409257b5fad7d3c580385,N/A,N/A,10.919760656283971,1628.0430600566312,N/A,fwdllm_aggregator
505f9fc483cf4df68a2409257b5fad7d3c580382,N/A,N/A,10.940857464593297,1644.7775297839826,N/A,fwdllm_aggregator
505f9fc483cf4df68a2409257b5fad7d3c580373,N/A,N/A,10.416555988995356,1577.6380763254372,N/A,fwdllm_aggregator
505f9fc483cf4df68a2409257b5fad7d3c580375,N/A,N/A,10.849459769164309,1627.2871759024113,N/A,fwdllm_aggregator
505f9fc483cf4df68a2409257b5fad7d3c580384,N/A,N/A,11.568860423314849,1722.11264275764,N/A,fwdllm_aggregator
505f9fc483cf4df68a2409257b5fad7d3c580376,N/A,N/A,11.55340779551441,1745.4902896878725,N/A,fwdllm_aggregator
505f9fc483cf4df68a2409257b5fad7d3c580382,N/A,N/A,10.940857464593297,1644.7775297839826,N/A,fwdllm_aggregator
505f9fc483cf4df68a2409257b5fad7d3c580377,N/A,N/A,10.465244355317457,1572.52356434255,N/A,fwdllm_aggregator
505f9fc483cf4df68a2409257b5fad7d3c580385,N/A,N/A,10.919760656283971,1628.0430600566312,N/A,fwdllm_aggregator
505f9fc483cf4df68a2409257b5fad7d3c580379,N/A,N/A,11.83112267991451,1765.5790689891346,N/A,fwdllm_aggregator
505f9fc483cf4df68a2409257b5fad7d3c580371,N/A,N/A,11.400743801547144,1711.5979989803463,N/A,fwdllm_aggregator
505f9fc483cf4df68a2409257b5fad7d3c580376,N/A,N/A,11.55340779551441,1745.4902896878725,N/A,fwdllm_aggregator
505f9fc483cf4df68a2409257b5fad7d3c580381,N/A,N/A,10.529920182754273,1581.2535888872394,N/A,fwdllm_aggregator
505f9fc483cf4df68a2409257b5fad7d3c580375,N/A,N/A,10.849459769164309,1627.2871759024113,N/A,fwdllm_aggregator
505f9fc483cf4df68a2409257b5fad7d3c580380,N/A,N/A,10.728980517701519,1612.3958057185296,N/A,fwdllm_aggregator
505f9fc483cf4df68a2409257b5fad7d3c580371,N/A,N/A,11.400743801547144,1711.5979989803463,N/A,fwdllm_aggregator
505f9fc483cf4df68a2409257b5fad7d3c580382,N/A,N/A,10.940857464593297,1644.7775297839826,N/A,fwdllm_aggregator
505f9fc483cf4df68a2409257b5fad7d3c580378,N/A,N/A,10.87788335350409,1698.8459905657296,N/A,fwdllm_aggregator
505f9fc483cf4df68a2409257b5fad7d3c580385,N/A,N/A,10.919760656283971,1628.0430600566312,N/A,fwdllm_aggregator
505f9fc483cf4df68a2409257b5fad7d3c580376,N/A,N/A,11.55340779551441,1745.4902896878725,N/A,fwdllm_aggregator
505f9fc483cf4df68a2409257b5fad7d3c580374,N/A,N/A,10.463956458511522,1609.5932460910547,N/A,fwdllm_aggregator
505f9fc483cf4df68a2409257b5fad7d3c580383,N/A,N/A,11.641454065484648,1714.1708885564942,N/A,fwdllm_aggregator
505f9fc483cf4df68a2409257b5fad7d3c580380,N/A,N/A,10.728980517701519,1612.3958057185296,N/A,fwdllm_aggregator
505f9fc483cf4df68a2409257b5fad7d3c580382,N/A,N/A,10.940857464593297,1644.7775297839826,N/A,fwdllm_aggregator
505f9fc483cf4df68a2409257b5fad7d3c580373,N/A,N/A,10.416555988995356,1577.6380763254372,N/A,fwdllm_aggregator
505f9fc483cf4df68a2409257b5fad7d3c580376,N/A,N/A,11.55340779551441,1745.4902896878725,N/A,fwdllm_aggregator
505f9fc483cf4df68a2409257b5fad7d3c580371,N/A,N/A,11.400743801547144,1711.5979989803463,N/A,fwdllm_aggregator
505f9fc483cf4df68a2409257b5fad7d3c580377,N/A,N/A,10.465244355317457,1572.52356434255,N/A,fwdllm_aggregator
505f9fc483cf4df68a2409257b5fad7d3c580374,N/A,N/A,10.463956458511522,1609.5932460910547,N/A,fwdllm_aggregator
505f9fc483cf4df68a2409257b5fad7d3c580384,N/A,N/A,11.568860423314849,1722.11264275764,N/A,fwdllm_aggregator
505f9fc483cf4df68a2409257b5fad7d3c580371,N/A,N/A,11.400743801547144,1711.5979989803463,N/A,fwdllm_aggregator
505f9fc483cf4df68a2409257b5fad7d3c580385,N/A,N/A,10.919760656283971,1628.0430600566312,N/A,fwdllm_aggregator
505f9fc483cf4df68a2409257b5fad7d3c580379,N/A,N/A,11.83112267991451,1765.5790689891346,N/A,fwdllm_aggregator
505f9fc483cf4df68a2409257b5fad7d3c580373,N/A,N/A,10.416555988995356,1577.6380763254372,N/A,fwdllm_aggregator
505f9fc483cf4df68a2409257b5fad7d3c580381,N/A,N/A,10.529920182754273,1581.2535888872394,N/A,fwdllm_aggregator
505f9fc483cf4df68a2409257b5fad7d3c580371,N/A,N/A,11.400743801547144,1711.5979989803463,N/A,fwdllm_aggregator
505f9fc483cf4df68a2409257b5fad7d3c580383,N/A,N/A,11.641454065484648,1714.1708885564942,N/A,fwdllm_aggregator
505f9fc483cf4df68a2409257b5fad7d3c580376,N/A,N/A,11.55340779551441,1745.4902896878725,N/A,fwdllm_aggregator
505f9fc483cf4df68a2409257b5fad7d3c580375,N/A,N/A,10.849459769164309,1627.2871759024113,N/A,fwdllm_aggregator
505f9fc483cf4df68a2409257b5fad7d3c580385,N/A,N/A,10.919760656283971,1628.0430600566312,N/A,fwdllm_aggregator
505f9fc483cf4df68a2409257b5fad7d3c580374,N/A,N/A,10.463956458511522,1609.5932460910547,N/A,fwdllm_aggregator
505f9fc483cf4df68a2409257b5fad7d3c580377,N/A,N/A,10.465244355317457,1572.52356434255,N/A,fwdllm_aggregator
505f9fc483cf4df68a2409257b5fad7d3c580373,N/A,N/A,10.416555988995356,1577.6380763254372,N/A,fwdllm_aggregator
505f9fc483cf4df68a2409257b5fad7d3c580380,N/A,N/A,10.728980517701519,1612.3958057185296,N/A,fwdllm_aggregator
505f9fc483cf4df68a2409257b5fad7d3c580381,N/A,N/A,10.529920182754273,1581.2535888872394,N/A,fwdllm_aggregator
505f9fc483cf4df68a2409257b5fad7d3c580374,N/A,N/A,10.463956458511522,1609.5932460910547,N/A,fwdllm_aggregator
505f9fc483cf4df68a2409257b5fad7d3c580371,N/A,N/A,11.400743801547144,1711.5979989803463,N/A,fwdllm_aggregator
505f9fc483cf4df68a2409257b5fad7d3c580385,N/A,N/A,10.919760656283971,1628.0430600566312,N/A,fwdllm_aggregator
505f9fc483cf4df68a2409257b5fad7d3c580377,N/A,N/A,10.465244355317457,1572.52356434255,N/A,fwdllm_aggregator
505f9fc483cf4df68a2409257b5fad7d3c580382,N/A,N/A,10.940857464593297,1644.7775297839826,N/A,fwdllm_aggregator
505f9fc483cf4df68a2409257b5fad7d3c580384,N/A,N/A,11.568860423314849,1722.11264275764,N/A,fwdllm_aggregator
505f9fc483cf4df68a2409257b5fad7d3c580373,N/A,N/A,10.416555988995356,1577.6380763254372,N/A,fwdllm_aggregator
505f9fc483cf4df68a2409257b5fad7d3c580380,N/A,N/A,10.728980517701519,1612.3958057185296,N/A,fwdllm_aggregator
505f9fc483cf4df68a2409257b5fad7d3c580379,N/A,N/A,11.83112267991451,1765.5790689891346,N/A,fwdllm_aggregator
505f9fc483cf4df68a2409257b5fad7d3c580375,N/A,N/A,10.849459769164309,1627.2871759024113,N/A,fwdllm_aggregator
505f9fc483cf4df68a2409257b5fad7d3c580376,N/A,N/A,11.55340779551441,1745.4902896878725,N/A,fwdllm_aggregator
505f9fc483cf4df68a2409257b5fad7d3c580381,N/A,N/A,10.529920182754273,1581.2535888872394,N/A,fwdllm_aggregator
505f9fc483cf4df68a2409257b5fad7d3c580377,N/A,N/A,10.465244355317457,1572.52356434255,N/A,fwdllm_aggregator
505f9fc483cf4df68a2409257b5fad7d3c580382,N/A,N/A,10.940857464593297,1644.7775297839826,N/A,fwdllm_aggregator
505f9fc483cf4df68a2409257b5fad7d3c580384,N/A,N/A,11.568860423314849,1722.11264275764,N/A,fwdllm_aggregator
505f9fc483cf4df68a2409257b5fad7d3c580376,N/A,N/A,11.55340779551441,1745.4902896878725,N/A,fwdllm_aggregator
505f9fc483cf4df68a2409257b5fad7d3c580385,N/A,N/A,10.919760656283971,1628.0430600566312,N/A,fwdllm_aggregator
505f9fc483cf4df68a2409257b5fad7d3c580373,N/A,N/A,10.416555988995356,1577.6380763254372,N/A,fwdllm_aggregator
505f9fc483cf4df68a2409257b5fad7d3c580381,N/A,N/A,10.529920182754273,1581.2535888872394,N/A,fwdllm_aggregator
505f9fc483cf4df68a2409257b5fad7d3c580379,N/A,N/A,11.83112267991451,1765.5790689891346,N/A,fwdllm_aggregator
505f9fc483cf4df68a2409257b5fad7d3c580371,N/A,N/A,11.400743801547144,1711.5979989803463,N/A,fwdllm_aggregator
505f9fc483cf4df68a2409257b5fad7d3c580376,N/A,N/A,11.55340779551441,1745.4902896878725,N/A,fwdllm_aggregator
505f9fc483cf4df68a2409257b5fad7d3c580382,N/A,N/A,10.940857464593297,1644.7775297839826,N/A,fwdllm_aggregator
505f9fc483cf4df68a2409257b5fad7d3c580375,N/A,N/A,10.849459769164309,1627.2871759024113,N/A,fwdllm_aggregator
505f9fc483cf4df68a2409257b5fad7d3c580383,N/A,N/A,11.641454065484648,1714.1708885564942,N/A,fwdllm_aggregator
505f9fc483cf4df68a2409257b5fad7d3c580374,N/A,N/A,10.463956458511522,1609.5932460910547,N/A,fwdllm_aggregator
505f9fc483cf4df68a2409257b5fad7d3c580376,N/A,N/A,11.55340779551441,1745.4902896878725,N/A,fwdllm_aggregator
505f9fc483cf4df68a2409257b5fad7d3c580384,N/A,N/A,11.568860423314849,1722.11264275764,N/A,fwdllm_aggregator
505f9fc483cf4df68a2409257b5fad7d3c580378,N/A,N/A,10.87788335350409,1698.8459905657296,N/A,fwdllm_aggregator
505f9fc483cf4df68a2409257b5fad7d3c580377,N/A,N/A,10.465244355317457,1572.52356434255,N/A,fwdllm_aggregator
505f9fc483cf4df68a2409257b5fad7d3c580376,N/A,N/A,11.55340779551441,1745.4902896878725,N/A,fwdllm_aggregator
505f9fc483cf4df68a2409257b5fad7d3c580380,N/A,N/A,10.728980517701519,1612.3958057185296,N/A,fwdllm_aggregator
505f9fc483cf4df68a2409257b5fad7d3c580384,N/A,N/A,11.612529670012217,1753.1476350842822,N/A,fwdllm_aggregator
505f9fc483cf4df68a2409257b5fad7d3c580383,N/A,N/A,10.470224578401744,1569.1992037994519,N/A,fwdllm_aggregator
505f9fc483cf4df68a2409257b5fad7d3c580377,N/A,N/A,10.533840324980606,1567.2472290949227,N/A,fwdllm_aggregator
505f9fc483cf4df68a2409257b5fad7d3c580382,N/A,N/A,10.61301023876473,1570.0057940771012,N/A,fwdllm_aggregator
505f9fc483cf4df68a2409257b5fad7d3c580371,N/A,N/A,10.38052257949654,1597.6417170602765,N/A,fwdllm_aggregator
505f9fc483cf4df68a2409257b5fad7d3c580381,N/A,N/A,10.333609136366787,1557.2189292974213,N/A,fwdllm_aggregator
505f9fc483cf4df68a2409257b5fad7d3c580380,N/A,N/A,10.755712721160636,1577.5177821926939,N/A,fwdllm_aggregator
505f9fc483cf4df68a2409257b5fad7d3c580378,N/A,N/A,11.049492554211094,1703.156636523469,N/A,fwdllm_aggregator
505f9fc483cf4df68a2409257b5fad7d3c580373,N/A,N/A,10.643295871546433,1577.6380763254372,N/A,fwdllm_aggregator
505f9fc483cf4df68a2409257b5fad7d3c580375,N/A,N/A,10.820657993130403,1627.2871759024113,N/A,fwdllm_aggregator
505f9fc483cf4df68a2409257b5fad7d3c580374,N/A,N/A,10.516217378025928,1609.5932460910547,N/A,fwdllm_aggregator
505f9fc483cf4df68a2409257b5fad7d3c580379,N/A,N/A,11.799615523976698,1765.5790689891346,N/A,fwdllm_aggregator
505f9fc483cf4df68a2409257b5fad7d3c580371,N/A,N/A,10.38052257949654,1597.6417170602765,N/A,fwdllm_aggregator
505f9fc483cf4df68a2409257b5fad7d3c580376,N/A,N/A,11.664989968568205,1745.4902896878725,N/A,fwdllm_aggregator
505f9fc483cf4df68a2409257b5fad7d3c580383,N/A,N/A,10.470224578401744,1569.1992037994519,N/A,fwdllm_aggregator
505f9fc483cf4df68a2409257b5fad7d3c580380,N/A,N/A,10.755712721160636,1577.5177821926939,N/A,fwdllm_aggregator
505f9fc483cf4df68a2409257b5fad7d3c580381,N/A,N/A,10.333609136366787,1557.2189292974213,N/A,fwdllm_aggregator
505f9fc483cf4df68a2409257b5fad7d3c580382,N/A,N/A,10.61301023876473,1570.0057940771012,N/A,fwdllm_aggregator
505f9fc483cf4df68a2409257b5fad7d3c580376,N/A,N/A,11.664989968568205,1745.4902896878725,N/A,fwdllm_aggregator
505f9fc483cf4df68a2409257b5fad7d3c580375,N/A,N/A,10.820657993130403,1627.2871759024113,N/A,fwdllm_aggregator
505f9fc483cf4df68a2409257b5fad7d3c580378,N/A,N/A,11.049492554211094,1703.156636523469,N/A,fwdllm_aggregator
505f9fc483cf4df68a2409257b5fad7d3c580379,N/A,N/A,11.799615523976698,1765.5790689891346,N/A,fwdllm_aggregator
505f9fc483cf4df68a2409257b5fad7d3c580383,N/A,N/A,10.470224578401744,1569.1992037994519,N/A,fwdllm_aggregator
505f9fc483cf4df68a2409257b5fad7d3c580376,N/A,N/A,11.664989968568205,1745.4902896878725,N/A,fwdllm_aggregator
505f9fc483cf4df68a2409257b5fad7d3c580371,N/A,N/A,10.38052257949654,1597.6417170602765,N/A,fwdllm_aggregator
505f9fc483cf4df68a2409257b5fad7d3c580381,N/A,N/A,10.333609136366787,1557.2189292974213,N/A,fwdllm_aggregator
505f9fc483cf4df68a2409257b5fad7d3c580374,N/A,N/A,10.516217378025928,1609.5932460910547,N/A,fwdllm_aggregator
505f9fc483cf4df68a2409257b5fad7d3c580384,N/A,N/A,11.612529670012217,1753.1476350842822,N/A,fwdllm_aggregator
505f9fc483cf4df68a2409257b5fad7d3c580371,N/A,N/A,10.38052257949654,1597.6417170602765,N/A,fwdllm_aggregator
505f9fc483cf4df68a2409257b5fad7d3c580377,N/A,N/A,10.533840324980606,1567.2472290949227,N/A,fwdllm_aggregator
505f9fc483cf4df68a2409257b5fad7d3c580379,N/A,N/A,11.799615523976698,1765.5790689891346,N/A,fwdllm_aggregator
505f9fc483cf4df68a2409257b5fad7d3c580373,N/A,N/A,10.643295871546433,1577.6380763254372,N/A,fwdllm_aggregator
505f9fc483cf4df68a2409257b5fad7d3c580378,N/A,N/A,11.049492554211094,1703.156636523469,N/A,fwdllm_aggregator
505f9fc483cf4df68a2409257b5fad7d3c580376,N/A,N/A,11.664989968568205,1745.4902896878725,N/A,fwdllm_aggregator
505f9fc483cf4df68a2409257b5fad7d3c580380,N/A,N/A,10.755712721160636,1577.5177821926939,N/A,fwdllm_aggregator
505f9fc483cf4df68a2409257b5fad7d3c580375,N/A,N/A,10.820657993130403,1627.2871759024113,N/A,fwdllm_aggregator
505f9fc483cf4df68a2409257b5fad7d3c580385,N/A,N/A,11.270265086592698,1628.0430600566312,N/A,fwdllm_aggregator
505f9fc483cf4df68a2409257b5fad7d3c580382,N/A,N/A,10.61301023876473,1570.0057940771012,N/A,fwdllm_aggregator
505f9fc483cf4df68a2409257b5fad7d3c580383,N/A,N/A,10.470224578401744,1569.1992037994519,N/A,fwdllm_aggregator
505f9fc483cf4df68a2409257b5fad7d3c580371,N/A,N/A,10.38052257949654,1597.6417170602765,N/A,fwdllm_aggregator
505f9fc483cf4df68a2409257b5fad7d3c580379,N/A,N/A,11.799615523976698,1765.5790689891346,N/A,fwdllm_aggregator
505f9fc483cf4df68a2409257b5fad7d3c580374,N/A,N/A,10.516217378025928,1609.5932460910547,N/A,fwdllm_aggregator
505f9fc483cf4df68a2409257b5fad7d3c580373,N/A,N/A,10.643295871546433,1577.6380763254372,N/A,fwdllm_aggregator
505f9fc483cf4df68a2409257b5fad7d3c580371,N/A,N/A,10.38052257949654,1597.6417170602765,N/A,fwdllm_aggregator
505f9fc483cf4df68a2409257b5fad7d3c580376,N/A,N/A,11.664989968568205,1745.4902896878725,N/A,fwdllm_aggregator
505f9fc483cf4df68a2409257b5fad7d3c580384,N/A,N/A,11.612529670012217,1753.1476350842822,N/A,fwdllm_aggregator
505f9fc483cf4df68a2409257b5fad7d3c580382,N/A,N/A,10.61301023876473,1570.0057940771012,N/A,fwdllm_aggregator
505f9fc483cf4df68a2409257b5fad7d3c580381,N/A,N/A,10.333609136366787,1557.2189292974213,N/A,fwdllm_aggregator
505f9fc483cf4df68a2409257b5fad7d3c580374,N/A,N/A,10.516217378025928,1609.5932460910547,N/A,fwdllm_aggregator
505f9fc483cf4df68a2409257b5fad7d3c580380,N/A,N/A,10.755712721160636,1577.5177821926939,N/A,fwdllm_aggregator
505f9fc483cf4df68a2409257b5fad7d3c580379,N/A,N/A,11.799615523976698,1765.5790689891346,N/A,fwdllm_aggregator
505f9fc483cf4df68a2409257b5fad7d3c580375,N/A,N/A,10.820657993130403,1627.2871759024113,N/A,fwdllm_aggregator
505f9fc483cf4df68a2409257b5fad7d3c580371,N/A,N/A,10.38052257949654,1597.6417170602765,N/A,fwdllm_aggregator
505f9fc483cf4df68a2409257b5fad7d3c580383,N/A,N/A,10.470224578401744,1569.1992037994519,N/A,fwdllm_aggregator
505f9fc483cf4df68a2409257b5fad7d3c580378,N/A,N/A,11.049492554211094,1703.156636523469,N/A,fwdllm_aggregator
505f9fc483cf4df68a2409257b5fad7d3c580381,N/A,N/A,10.333609136366787,1557.2189292974213,N/A,fwdllm_aggregator
505f9fc483cf4df68a2409257b5fad7d3c580373,N/A,N/A,10.643295871546433,1577.6380763254372,N/A,fwdllm_aggregator
505f9fc483cf4df68a2409257b5fad7d3c580376,N/A,N/A,11.664989968568205,1745.4902896878725,N/A,fwdllm_aggregator
505f9fc483cf4df68a2409257b5fad7d3c580385,N/A,N/A,11.270265086592698,1628.0430600566312,N/A,fwdllm_aggregator
505f9fc483cf4df68a2409257b5fad7d3c580374,N/A,N/A,10.516217378025928,1609.5932460910547,N/A,fwdllm_aggregator
505f9fc483cf4df68a2409257b5fad7d3c580377,N/A,N/A,10.533840324980606,1567.2472290949227,N/A,fwdllm_aggregator
505f9fc483cf4df68a2409257b5fad7d3c580382,N/A,N/A,10.61301023876473,1570.0057940771012,N/A,fwdllm_aggregator
505f9fc483cf4df68a2409257b5fad7d3c580384,N/A,N/A,11.612529670012217,1753.1476350842822,N/A,fwdllm_aggregator
505f9fc483cf4df68a2409257b5fad7d3c580385,N/A,N/A,11.270265086592698,1628.0430600566312,N/A,fwdllm_aggregator
505f9fc483cf4df68a2409257b5fad7d3c580380,N/A,N/A,10.755712721160636,1577.5177821926939,N/A,fwdllm_aggregator
505f9fc483cf4df68a2409257b5fad7d3c580373,N/A,N/A,10.643295871546433,1577.6380763254372,N/A,fwdllm_aggregator
505f9fc483cf4df68a2409257b5fad7d3c580378,N/A,N/A,11.049492554211094,1703.156636523469,N/A,fwdllm_aggregator
505f9fc483cf4df68a2409257b5fad7d3c580375,N/A,N/A,10.820657993130403,1627.2871759024113,N/A,fwdllm_aggregator
505f9fc483cf4df68a2409257b5fad7d3c580374,N/A,N/A,10.516217378025928,1609.5932460910547,N/A,fwdllm_aggregator
505f9fc483cf4df68a2409257b5fad7d3c580376,N/A,N/A,11.664989968568205,1745.4902896878725,N/A,fwdllm_aggregator
505f9fc483cf4df68a2409257b5fad7d3c580371,N/A,N/A,10.38052257949654,1597.6417170602765,N/A,fwdllm_aggregator
505f9fc483cf4df68a2409257b5fad7d3c580382,N/A,N/A,10.61301023876473,1570.0057940771012,N/A,fwdllm_aggregator
505f9fc483cf4df68a2409257b5fad7d3c580379,N/A,N/A,11.799615523976698,1765.5790689891346,N/A,fwdllm_aggregator
505f9fc483cf4df68a2409257b5fad7d3c580385,N/A,N/A,11.270265086592698,1628.0430600566312,N/A,fwdllm_aggregator
505f9fc483cf4df68a2409257b5fad7d3c580380,N/A,N/A,10.755712721160636,1577.5177821926939,N/A,fwdllm_aggregator
505f9fc483cf4df68a2409257b5fad7d3c580377,N/A,N/A,10.533840324980606,1567.2472290949227,N/A,fwdllm_aggregator
505f9fc483cf4df68a2409257b5fad7d3c580375,N/A,N/A,10.820657993130403,1627.2871759024113,N/A,fwdllm_aggregator
505f9fc483cf4df68a2409257b5fad7d3c580378,N/A,N/A,11.049492554211094,1703.156636523469,N/A,fwdllm_aggregator
505f9fc483cf4df68a2409257b5fad7d3c580371,N/A,N/A,10.38052257949654,1597.6417170602765,N/A,fwdllm_aggregator
505f9fc483cf4df68a2409257b5fad7d3c580385,N/A,N/A,11.270265086592698,1628.0430600566312,N/A,fwdllm_aggregator
505f9fc483cf4df68a2409257b5fad7d3c580373,N/A,N/A,10.643295871546433,1577.6380763254372,N/A,fwdllm_aggregator
505f9fc483cf4df68a2409257b5fad7d3c580382,N/A,N/A,10.61301023876473,1570.0057940771012,N/A,fwdllm_aggregator
505f9fc483cf4df68a2409257b5fad7d3c580376,N/A,N/A,11.664989968568205,1745.4902896878725,N/A,fwdllm_aggregator
505f9fc483cf4df68a2409257b5fad7d3c580377,N/A,N/A,10.533840324980606,1567.2472290949227,N/A,fwdllm_aggregator
505f9fc483cf4df68a2409257b5fad7d3c580383,N/A,N/A,10.470224578401744,1569.1992037994519,N/A,fwdllm_aggregator
505f9fc483cf4df68a2409257b5fad7d3c580376,N/A,N/A,11.90165209161172,1758.8362380237875,N/A,fwdllm_aggregator
505f9fc483cf4df68a2409257b5fad7d3c580371,N/A,N/A,10.925838859005253,1571.5632892454194,N/A,fwdllm_aggregator
505f9fc483cf4df68a2409257b5fad7d3c580385,N/A,N/A,10.8851751322012,1608.3157658910518,N/A,fwdllm_aggregator
505f9fc483cf4df68a2409257b5fad7d3c580375,N/A,N/A,12.016122160350275,1785.7830080508834,N/A,fwdllm_aggregator
505f9fc483cf4df68a2409257b5fad7d3c580378,N/A,N/A,11.73597692128248,1704.112673674378,N/A,fwdllm_aggregator
505f9fc483cf4df68a2409257b5fad7d3c580381,N/A,N/A,10.357458889654302,1553.8151504716793,N/A,fwdllm_aggregator
505f9fc483cf4df68a2409257b5fad7d3c580382,N/A,N/A,10.161353885824898,1530.7513662179833,N/A,fwdllm_aggregator
505f9fc483cf4df68a2409257b5fad7d3c580377,N/A,N/A,10.165778658081123,1531.4382326857378,N/A,fwdllm_aggregator
505f9fc483cf4df68a2409257b5fad7d3c580384,N/A,N/A,11.794439809707145,1753.1476350842822,N/A,fwdllm_aggregator
505f9fc483cf4df68a2409257b5fad7d3c580373,N/A,N/A,10.514180371840762,1577.6380763254372,N/A,fwdllm_aggregator
505f9fc483cf4df68a2409257b5fad7d3c580380,N/A,N/A,10.378601184592657,1577.5177821926939,N/A,fwdllm_aggregator
505f9fc483cf4df68a2409257b5fad7d3c580378,N/A,N/A,11.73597692128248,1704.112673674378,N/A,fwdllm_aggregator
505f9fc483cf4df68a2409257b5fad7d3c580383,N/A,N/A,10.604572360828827,1569.1992037994519,N/A,fwdllm_aggregator
505f9fc483cf4df68a2409257b5fad7d3c580371,N/A,N/A,10.925838859005253,1571.5632892454194,N/A,fwdllm_aggregator
505f9fc483cf4df68a2409257b5fad7d3c580377,N/A,N/A,10.165778658081123,1531.4382326857378,N/A,fwdllm_aggregator
505f9fc483cf4df68a2409257b5fad7d3c580382,N/A,N/A,10.161353885824898,1530.7513662179833,N/A,fwdllm_aggregator
505f9fc483cf4df68a2409257b5fad7d3c580374,N/A,N/A,10.771570255493994,1609.5932460910547,N/A,fwdllm_aggregator
505f9fc483cf4df68a2409257b5fad7d3c580376,N/A,N/A,11.90165209161172,1758.8362380237875,N/A,fwdllm_aggregator
505f9fc483cf4df68a2409257b5fad7d3c580385,N/A,N/A,10.8851751322012,1608.3157658910518,N/A,fwdllm_aggregator
505f9fc483cf4df68a2409257b5fad7d3c580371,N/A,N/A,10.925838859005253,1571.5632892454194,N/A,fwdllm_aggregator
505f9fc483cf4df68a2409257b5fad7d3c580375,N/A,N/A,12.016122160350275,1785.7830080508834,N/A,fwdllm_aggregator
505f9fc483cf4df68a2409257b5fad7d3c580379,N/A,N/A,11.60263962802821,1765.5790689891346,N/A,fwdllm_aggregator
505f9fc483cf4df68a2409257b5fad7d3c580373,N/A,N/A,10.514180371840762,1577.6380763254372,N/A,fwdllm_aggregator
505f9fc483cf4df68a2409257b5fad7d3c580384,N/A,N/A,11.794439809707145,1753.1476350842822,N/A,fwdllm_aggregator
505f9fc483cf4df68a2409257b5fad7d3c580381,N/A,N/A,10.357458889654302,1553.8151504716793,N/A,fwdllm_aggregator
505f9fc483cf4df68a2409257b5fad7d3c580380,N/A,N/A,10.378601184592657,1577.5177821926939,N/A,fwdllm_aggregator
505f9fc483cf4df68a2409257b5fad7d3c580382,N/A,N/A,10.161353885824898,1530.7513662179833,N/A,fwdllm_aggregator
505f9fc483cf4df68a2409257b5fad7d3c580377,N/A,N/A,10.165778658081123,1531.4382326857378,N/A,fwdllm_aggregator
505f9fc483cf4df68a2409257b5fad7d3c580384,N/A,N/A,11.794439809707145,1753.1476350842822,N/A,fwdllm_aggregator
505f9fc483cf4df68a2409257b5fad7d3c580383,N/A,N/A,10.604572360828827,1569.1992037994519,N/A,fwdllm_aggregator
505f9fc483cf4df68a2409257b5fad7d3c580373,N/A,N/A,10.514180371840762,1577.6380763254372,N/A,fwdllm_aggregator
505f9fc483cf4df68a2409257b5fad7d3c580381,N/A,N/A,10.357458889654302,1553.8151504716793,N/A,fwdllm_aggregator
505f9fc483cf4df68a2409257b5fad7d3c580378,N/A,N/A,11.73597692128248,1704.112673674378,N/A,fwdllm_aggregator
505f9fc483cf4df68a2409257b5fad7d3c580376,N/A,N/A,11.90165209161172,1758.8362380237875,N/A,fwdllm_aggregator
505f9fc483cf4df68a2409257b5fad7d3c580371,N/A,N/A,10.925838859005253,1571.5632892454194,N/A,fwdllm_aggregator
505f9fc483cf4df68a2409257b5fad7d3c580379,N/A,N/A,11.60263962802821,1765.5790689891346,N/A,fwdllm_aggregator
505f9fc483cf4df68a2409257b5fad7d3c580384,N/A,N/A,11.794439809707145,1753.1476350842822,N/A,fwdllm_aggregator
505f9fc483cf4df68a2409257b5fad7d3c580374,N/A,N/A,10.771570255493994,1609.5932460910547,N/A,fwdllm_aggregator
505f9fc483cf4df68a2409257b5fad7d3c580376,N/A,N/A,11.90165209161172,1758.8362380237875,N/A,fwdllm_aggregator
505f9fc483cf4df68a2409257b5fad7d3c580383,N/A,N/A,10.604572360828827,1569.1992037994519,N/A,fwdllm_aggregator
505f9fc483cf4df68a2409257b5fad7d3c580380,N/A,N/A,10.378601184592657,1577.5177821926939,N/A,fwdllm_aggregator
505f9fc483cf4df68a2409257b5fad7d3c580382,N/A,N/A,10.161353885824898,1530.7513662179833,N/A,fwdllm_aggregator
505f9fc483cf4df68a2409257b5fad7d3c580377,N/A,N/A,10.165778658081123,1531.4382326857378,N/A,fwdllm_aggregator
505f9fc483cf4df68a2409257b5fad7d3c580374,N/A,N/A,10.771570255493994,1609.5932460910547,N/A,fwdllm_aggregator
505f9fc483cf4df68a2409257b5fad7d3c580379,N/A,N/A,11.60263962802821,1765.5790689891346,N/A,fwdllm_aggregator
505f9fc483cf4df68a2409257b5fad7d3c580373,N/A,N/A,10.514180371840762,1577.6380763254372,N/A,fwdllm_aggregator
505f9fc483cf4df68a2409257b5fad7d3c580381,N/A,N/A,10.357458889654302,1553.8151504716793,N/A,fwdllm_aggregator
505f9fc483cf4df68a2409257b5fad7d3c580384,N/A,N/A,11.794439809707145,1753.1476350842822,N/A,fwdllm_aggregator
505f9fc483cf4df68a2409257b5fad7d3c580377,N/A,N/A,10.165778658081123,1531.4382326857378,N/A,fwdllm_aggregator
505f9fc483cf4df68a2409257b5fad7d3c580383,N/A,N/A,10.604572360828827,1569.1992037994519,N/A,fwdllm_aggregator
505f9fc483cf4df68a2409257b5fad7d3c580378,N/A,N/A,11.73597692128248,1704.112673674378,N/A,fwdllm_aggregator
505f9fc483cf4df68a2409257b5fad7d3c580382,N/A,N/A,10.161353885824898,1530.7513662179833,N/A,fwdllm_aggregator
505f9fc483cf4df68a2409257b5fad7d3c580375,N/A,N/A,12.016122160350275,1785.7830080508834,N/A,fwdllm_aggregator
505f9fc483cf4df68a2409257b5fad7d3c580380,N/A,N/A,10.378601184592657,1577.5177821926939,N/A,fwdllm_aggregator
505f9fc483cf4df68a2409257b5fad7d3c580385,N/A,N/A,10.8851751322012,1608.3157658910518,N/A,fwdllm_aggregator
505f9fc483cf4df68a2409257b5fad7d3c580377,N/A,N/A,10.165778658081123,1531.4382326857378,N/A,fwdllm_aggregator
505f9fc483cf4df68a2409257b5fad7d3c580374,N/A,N/A,10.771570255493994,1609.5932460910547,N/A,fwdllm_aggregator
505f9fc483cf4df68a2409257b5fad7d3c580373,N/A,N/A,10.514180371840762,1577.6380763254372,N/A,fwdllm_aggregator
505f9fc483cf4df68a2409257b5fad7d3c580376,N/A,N/A,11.90165209161172,1758.8362380237875,N/A,fwdllm_aggregator
505f9fc483cf4df68a2409257b5fad7d3c580381,N/A,N/A,10.357458889654302,1553.8151504716793,N/A,fwdllm_aggregator
505f9fc483cf4df68a2409257b5fad7d3c580371,N/A,N/A,10.483177878516475,1581.2003018858293,N/A,fwdllm_aggregator
505f9fc483cf4df68a2409257b5fad7d3c580383,N/A,N/A,10.174200632998536,1542.1867456869118,N/A,fwdllm_aggregator
505f9fc483cf4df68a2409257b5fad7d3c580377,N/A,N/A,10.279993600806238,1539.9254461299975,N/A,fwdllm_aggregator
505f9fc483cf4df68a2409257b5fad7d3c580378,N/A,N/A,11.393084225268526,1718.4721525020914,N/A,fwdllm_aggregator
505f9fc483cf4df68a2409257b5fad7d3c580376,N/A,N/A,12.022116942384448,1774.7766935622406,N/A,fwdllm_aggregator
505f9fc483cf4df68a2409257b5fad7d3c580381,N/A,N/A,10.479712733051663,1530.933822562011,N/A,fwdllm_aggregator
505f9fc483cf4df68a2409257b5fad7d3c580382,N/A,N/A,10.299427601733013,1542.7043436923095,N/A,fwdllm_aggregator
505f9fc483cf4df68a2409257b5fad7d3c580379,N/A,N/A,11.887264944935557,1808.0405178171764,N/A,fwdllm_aggregator
505f9fc483cf4df68a2409257b5fad7d3c580378,N/A,N/A,11.393084225268526,1718.4721525020914,N/A,fwdllm_aggregator
505f9fc483cf4df68a2409257b5fad7d3c580374,N/A,N/A,10.698582307535577,1609.5932460910547,N/A,fwdllm_aggregator
505f9fc483cf4df68a2409257b5fad7d3c580385,N/A,N/A,10.584620680321477,1608.3157658910518,N/A,fwdllm_aggregator
505f9fc483cf4df68a2409257b5fad7d3c580380,N/A,N/A,10.470399459024616,1577.5177821926939,N/A,fwdllm_aggregator
505f9fc483cf4df68a2409257b5fad7d3c580384,N/A,N/A,11.74947404698863,1753.1476350842822,N/A,fwdllm_aggregator
505f9fc483cf4df68a2409257b5fad7d3c580383,N/A,N/A,10.174200632998536,1542.1867456869118,N/A,fwdllm_aggregator
505f9fc483cf4df68a2409257b5fad7d3c580373,N/A,N/A,10.534937181978004,1577.6380763254372,N/A,fwdllm_aggregator
505f9fc483cf4df68a2409257b5fad7d3c580377,N/A,N/A,10.279993600806238,1539.9254461299975,N/A,fwdllm_aggregator
505f9fc483cf4df68a2409257b5fad7d3c580378,N/A,N/A,11.393084225268526,1718.4721525020914,N/A,fwdllm_aggregator
505f9fc483cf4df68a2409257b5fad7d3c580371,N/A,N/A,10.483177878516475,1581.2003018858293,N/A,fwdllm_aggregator
505f9fc483cf4df68a2409257b5fad7d3c580376,N/A,N/A,12.022116942384448,1774.7766935622406,N/A,fwdllm_aggregator
505f9fc483cf4df68a2409257b5fad7d3c580380,N/A,N/A,10.470399459024616,1577.5177821926939,N/A,fwdllm_aggregator
505f9fc483cf4df68a2409257b5fad7d3c580379,N/A,N/A,11.887264944935557,1808.0405178171764,N/A,fwdllm_aggregator
505f9fc483cf4df68a2409257b5fad7d3c580381,N/A,N/A,10.479712733051663,1530.933822562011,N/A,fwdllm_aggregator
505f9fc483cf4df68a2409257b5fad7d3c580371,N/A,N/A,10.483177878516475,1581.2003018858293,N/A,fwdllm_aggregator
505f9fc483cf4df68a2409257b5fad7d3c580373,N/A,N/A,10.534937181978004,1577.6380763254372,N/A,fwdllm_aggregator
505f9fc483cf4df68a2409257b5fad7d3c580378,N/A,N/A,11.393084225268526,1718.4721525020914,N/A,fwdllm_aggregator
505f9fc483cf4df68a2409257b5fad7d3c580385,N/A,N/A,10.584620680321477,1608.3157658910518,N/A,fwdllm_aggregator
505f9fc483cf4df68a2409257b5fad7d3c580382,N/A,N/A,10.299427601733013,1542.7043436923095,N/A,fwdllm_aggregator
505f9fc483cf4df68a2409257b5fad7d3c580373,N/A,N/A,10.534937181978004,1577.6380763254372,N/A,fwdllm_aggregator
505f9fc483cf4df68a2409257b5fad7d3c580381,N/A,N/A,10.479712733051663,1530.933822562011,N/A,fwdllm_aggregator
505f9fc483cf4df68a2409257b5fad7d3c580380,N/A,N/A,10.470399459024616,1577.5177821926939,N/A,fwdllm_aggregator
505f9fc483cf4df68a2409257b5fad7d3c580383,N/A,N/A,10.174200632998536,1542.1867456869118,N/A,fwdllm_aggregator
505f9fc483cf4df68a2409257b5fad7d3c580377,N/A,N/A,10.279993600806238,1539.9254461299975,N/A,fwdllm_aggregator
505f9fc483cf4df68a2409257b5fad7d3c580380,N/A,N/A,10.470399459024616,1577.5177821926939,N/A,fwdllm_aggregator
505f9fc483cf4df68a2409257b5fad7d3c580381,N/A,N/A,10.479712733051663,1530.933822562011,N/A,fwdllm_aggregator
505f9fc483cf4df68a2409257b5fad7d3c580382,N/A,N/A,10.299427601733013,1542.7043436923095,N/A,fwdllm_aggregator
505f9fc483cf4df68a2409257b5fad7d3c580376,N/A,N/A,12.022116942384448,1774.7766935622406,N/A,fwdllm_aggregator
505f9fc483cf4df68a2409257b5fad7d3c580373,N/A,N/A,10.534937181978004,1577.6380763254372,N/A,fwdllm_aggregator
505f9fc483cf4df68a2409257b5fad7d3c580371,N/A,N/A,10.483177878516475,1581.2003018858293,N/A,fwdllm_aggregator
505f9fc483cf4df68a2409257b5fad7d3c580385,N/A,N/A,10.584620680321477,1608.3157658910518,N/A,fwdllm_aggregator
505f9fc483cf4df68a2409257b5fad7d3c580377,N/A,N/A,10.279993600806238,1539.9254461299975,N/A,fwdllm_aggregator
505f9fc483cf4df68a2409257b5fad7d3c580383,N/A,N/A,10.174200632998536,1542.1867456869118,N/A,fwdllm_aggregator
505f9fc483cf4df68a2409257b5fad7d3c580378,N/A,N/A,11.393084225268526,1718.4721525020914,N/A,fwdllm_aggregator
505f9fc483cf4df68a2409257b5fad7d3c580384,N/A,N/A,11.74947404698863,1753.1476350842822,N/A,fwdllm_aggregator
505f9fc483cf4df68a2409257b5fad7d3c580375,N/A,N/A,11.935806234142056,1785.7830080508834,N/A,fwdllm_aggregator
505f9fc483cf4df68a2409257b5fad7d3c580382,N/A,N/A,10.299427601733013,1542.7043436923095,N/A,fwdllm_aggregator
505f9fc483cf4df68a2409257b5fad7d3c580371,N/A,N/A,10.483177878516475,1581.2003018858293,N/A,fwdllm_aggregator
505f9fc483cf4df68a2409257b5fad7d3c580380,N/A,N/A,10.470399459024616,1577.5177821926939,N/A,fwdllm_aggregator
505f9fc483cf4df68a2409257b5fad7d3c580377,N/A,N/A,10.279993600806238,1539.9254461299975,N/A,fwdllm_aggregator
505f9fc483cf4df68a2409257b5fad7d3c580384,N/A,N/A,11.74947404698863,1753.1476350842822,N/A,fwdllm_aggregator
505f9fc483cf4df68a2409257b5fad7d3c580375,N/A,N/A,11.935806234142056,1785.7830080508834,N/A,fwdllm_aggregator
505f9fc483cf4df68a2409257b5fad7d3c580385,N/A,N/A,10.584620680321477,1608.3157658910518,N/A,fwdllm_aggregator
505f9fc483cf4df68a2409257b5fad7d3c580378,N/A,N/A,11.393084225268526,1718.4721525020914,N/A,fwdllm_aggregator
505f9fc483cf4df68a2409257b5fad7d3c580384,N/A,N/A,11.74947404698863,1753.1476350842822,N/A,fwdllm_aggregator
505f9fc483cf4df68a2409257b5fad7d3c580383,N/A,N/A,10.174200632998536,1542.1867456869118,N/A,fwdllm_aggregator
505f9fc483cf4df68a2409257b5fad7d3c580381,N/A,N/A,10.479712733051663,1530.933822562011,N/A,fwdllm_aggregator
505f9fc483cf4df68a2409257b5fad7d3c580379,N/A,N/A,11.887264944935557,1808.0405178171764,N/A,fwdllm_aggregator
505f9fc483cf4df68a2409257b5fad7d3c580382,N/A,N/A,10.299427601733013,1542.7043436923095,N/A,fwdllm_aggregator
505f9fc483cf4df68a2409257b5fad7d3c580381,N/A,N/A,10.479712733051663,1530.933822562011,N/A,fwdllm_aggregator
505f9fc483cf4df68a2409257b5fad7d3c580385,N/A,N/A,10.584620680321477,1608.3157658910518,N/A,fwdllm_aggregator
505f9fc483cf4df68a2409257b5fad7d3c580384,N/A,N/A,11.74947404698863,1753.1476350842822,N/A,fwdllm_aggregator
505f9fc483cf4df68a2409257b5fad7d3c580383,N/A,N/A,10.174200632998536,1542.1867456869118,N/A,fwdllm_aggregator
505f9fc483cf4df68a2409257b5fad7d3c580380,N/A,N/A,10.470399459024616,1577.5177821926939,N/A,fwdllm_aggregator
505f9fc483cf4df68a2409257b5fad7d3c580381,N/A,N/A,10.479712733051663,1530.933822562011,N/A,fwdllm_aggregator
505f9fc483cf4df68a2409257b5fad7d3c580382,N/A,N/A,10.299427601733013,1542.7043436923095,N/A,fwdllm_aggregator
505f9fc483cf4df68a2409257b5fad7d3c580375,N/A,N/A,11.935806234142056,1785.7830080508834,N/A,fwdllm_aggregator
505f9fc483cf4df68a2409257b5fad7d3c580385,N/A,N/A,10.584620680321477,1608.3157658910518,N/A,fwdllm_aggregator
505f9fc483cf4df68a2409257b5fad7d3c580377,N/A,N/A,10.279993600806238,1539.9254461299975,N/A,fwdllm_aggregator
505f9fc483cf4df68a2409257b5fad7d3c580376,N/A,N/A,12.022116942384448,1774.7766935622406,N/A,fwdllm_aggregator
505f9fc483cf4df68a2409257b5fad7d3c580380,N/A,N/A,10.470399459024616,1577.5177821926939,N/A,fwdllm_aggregator
505f9fc483cf4df68a2409257b5fad7d3c580378,N/A,N/A,11.393084225268526,1718.4721525020914,N/A,fwdllm_aggregator
505f9fc483cf4df68a2409257b5fad7d3c580384,N/A,N/A,11.74947404698863,1753.1476350842822,N/A,fwdllm_aggregator
505f9fc483cf4df68a2409257b5fad7d3c580382,N/A,N/A,10.299427601733013,1542.7043436923095,N/A,fwdllm_aggregator
505f9fc483cf4df68a2409257b5fad7d3c580376,N/A,N/A,12.022116942384448,1774.7766935622406,N/A,fwdllm_aggregator
505f9fc483cf4df68a2409257b5fad7d3c580383,N/A,N/A,10.174200632998536,1542.1867456869118,N/A,fwdllm_aggregator
505f9fc483cf4df68a2409257b5fad7d3c580378,N/A,N/A,11.393084225268526,1718.4721525020914,N/A,fwdllm_aggregator
505f9fc483cf4df68a2409257b5fad7d3c580373,N/A,N/A,10.534937181978004,1577.6380763254372,N/A,fwdllm_aggregator
505f9fc483cf4df68a2409257b5fad7d3c580381,N/A,N/A,10.479712733051663,1530.933822562011,N/A,fwdllm_aggregator
505f9fc483cf4df68a2409257b5fad7d3c580377,N/A,N/A,10.279993600806238,1539.9254461299975,N/A,fwdllm_aggregator
505f9fc483cf4df68a2409257b5fad7d3c580380,N/A,N/A,10.470399459024616,1577.5177821926939,N/A,fwdllm_aggregator
505f9fc483cf4df68a2409257b5fad7d3c580378,N/A,N/A,11.393084225268526,1718.4721525020914,N/A,fwdllm_aggregator
505f9fc483cf4df68a2409257b5fad7d3c580376,N/A,N/A,12.022116942384448,1774.7766935622406,N/A,fwdllm_aggregator
505f9fc483cf4df68a2409257b5fad7d3c580383,N/A,N/A,10.174200632998536,1542.1867456869118,N/A,fwdllm_aggregator
505f9fc483cf4df68a2409257b5fad7d3c580373,N/A,N/A,10.534937181978004,1577.6380763254372,N/A,fwdllm_aggregator
505f9fc483cf4df68a2409257b5fad7d3c580377,N/A,N/A,10.279993600806238,1539.9254461299975,N/A,fwdllm_aggregator
505f9fc483cf4df68a2409257b5fad7d3c580382,N/A,N/A,10.299427601733013,1542.7043436923095,N/A,fwdllm_aggregator
505f9fc483cf4df68a2409257b5fad7d3c580378,N/A,N/A,11.393084225268526,1718.4721525020914,N/A,fwdllm_aggregator
505f9fc483cf4df68a2409257b5fad7d3c580375,N/A,N/A,11.935806234142056,1785.7830080508834,N/A,fwdllm_aggregator
505f9fc483cf4df68a2409257b5fad7d3c580380,N/A,N/A,10.470399459024616,1577.5177821926939,N/A,fwdllm_aggregator
505f9fc483cf4df68a2409257b5fad7d3c580377,N/A,N/A,10.279993600806238,1539.9254461299975,N/A,fwdllm_aggregator
505f9fc483cf4df68a2409257b5fad7d3c580373,N/A,N/A,10.534937181978004,1577.6380763254372,N/A,fwdllm_aggregator
505f9fc483cf4df68a2409257b5fad7d3c580384,N/A,N/A,11.74947404698863,1753.1476350842822,N/A,fwdllm_aggregator
505f9fc483cf4df68a2409257b5fad7d3c580381,N/A,N/A,10.479712733051663,1530.933822562011,N/A,fwdllm_aggregator
505f9fc483cf4df68a2409257b5fad7d3c580377,N/A,N/A,10.279993600806238,1539.9254461299975,N/A,fwdllm_aggregator
505f9fc483cf4df68a2409257b5fad7d3c580380,N/A,N/A,10.470399459024616,1577.5177821926939,N/A,fwdllm_aggregator
505f9fc483cf4df68a2409257b5fad7d3c580382,N/A,N/A,10.299427601733013,1542.7043436923095,N/A,fwdllm_aggregator
505f9fc483cf4df68a2409257b5fad7d3c580371,N/A,N/A,10.483177878516475,1581.2003018858293,N/A,fwdllm_aggregator
505f9fc483cf4df68a2409257b5fad7d3c580379,N/A,N/A,11.887264944935557,1808.0405178171764,N/A,fwdllm_aggregator
505f9fc483cf4df68a2409257b5fad7d3c580376,N/A,N/A,12.022116942384448,1774.7766935622406,N/A,fwdllm_aggregator
505f9fc483cf4df68a2409257b5fad7d3c580381,N/A,N/A,10.479712733051663,1530.933822562011,N/A,fwdllm_aggregator
505f9fc483cf4df68a2409257b5fad7d3c580382,N/A,N/A,10.299427601733013,1542.7043436923095,N/A,fwdllm_aggregator
505f9fc483cf4df68a2409257b5fad7d3c580373,N/A,N/A,10.534937181978004,1577.6380763254372,N/A,fwdllm_aggregator
505f9fc483cf4df68a2409257b5fad7d3c580384,N/A,N/A,11.74947404698863,1753.1476350842822,N/A,fwdllm_aggregator
505f9fc483cf4df68a2409257b5fad7d3c580371,N/A,N/A,10.483177878516475,1581.2003018858293,N/A,fwdllm_aggregator
505f9fc483cf4df68a2409257b5fad7d3c580380,N/A,N/A,10.470399459024616,1577.5177821926939,N/A,fwdllm_aggregator
505f9fc483cf4df68a2409257b5fad7d3c580379,N/A,N/A,11.887264944935557,1808.0405178171764,N/A,fwdllm_aggregator
505f9fc483cf4df68a2409257b5fad7d3c580383,N/A,N/A,10.174200632998536,1542.1867456869118,N/A,fwdllm_aggregator
505f9fc483cf4df68a2409257b5fad7d3c580378,N/A,N/A,11.393084225268526,1718.4721525020914,N/A,fwdllm_aggregator
505f9fc483cf4df68a2409257b5fad7d3c580379,N/A,N/A,11.887264944935557,1808.0405178171764,N/A,fwdllm_aggregator
505f9fc483cf4df68a2409257b5fad7d3c580384,N/A,N/A,11.74947404698863,1753.1476350842822,N/A,fwdllm_aggregator
505f9fc483cf4df68a2409257b5fad7d3c580382,N/A,N/A,10.299427601733013,1542.7043436923095,N/A,fwdllm_aggregator
505f9fc483cf4df68a2409257b5fad7d3c580376,N/A,N/A,12.13629065164682,1777.757745074944,N/A,fwdllm_aggregator
505f9fc483cf4df68a2409257b5fad7d3c580380,N/A,N/A,10.256531657943178,1568.8358302250354,N/A,fwdllm_aggregator
505f9fc483cf4df68a2409257b5fad7d3c580378,N/A,N/A,11.583261027670758,1703.2335403433199,N/A,fwdllm_aggregator
505f9fc483cf4df68a2409257b5fad7d3c580371,N/A,N/A,9.978221065394512,1548.1433051408915,N/A,fwdllm_aggregator
505f9fc483cf4df68a2409257b5fad7d3c580382,N/A,N/A,9.973538674605301,1490.064394154634,N/A,fwdllm_aggregator
505f9fc483cf4df68a2409257b5fad7d3c580383,N/A,N/A,9.896338091910286,1490.4714426083713,N/A,fwdllm_aggregator
505f9fc483cf4df68a2409257b5fad7d3c580381,N/A,N/A,10.483487178318518,1571.7693488409202,N/A,fwdllm_aggregator
505f9fc483cf4df68a2409257b5fad7d3c580384,N/A,N/A,11.789036613623004,1753.1476350842822,N/A,fwdllm_aggregator
505f9fc483cf4df68a2409257b5fad7d3c580385,N/A,N/A,11.087727375989086,1608.3157658910518,N/A,fwdllm_aggregator
505f9fc483cf4df68a2409257b5fad7d3c580378,N/A,N/A,11.583261027670758,1703.2335403433199,N/A,fwdllm_aggregator
505f9fc483cf4df68a2409257b5fad7d3c580373,N/A,N/A,10.500834477280284,1577.6380763254372,N/A,fwdllm_aggregator
505f9fc483cf4df68a2409257b5fad7d3c580382,N/A,N/A,9.973538674605301,1490.064394154634,N/A,fwdllm_aggregator
505f9fc483cf4df68a2409257b5fad7d3c580371,N/A,N/A,9.978221065394512,1548.1433051408915,N/A,fwdllm_aggregator
505f9fc483cf4df68a2409257b5fad7d3c580384,N/A,N/A,11.789036613623004,1753.1476350842822,N/A,fwdllm_aggregator
505f9fc483cf4df68a2409257b5fad7d3c580383,N/A,N/A,9.896338091910286,1490.4714426083713,N/A,fwdllm_aggregator
505f9fc483cf4df68a2409257b5fad7d3c580381,N/A,N/A,10.483487178318518,1571.7693488409202,N/A,fwdllm_aggregator
505f9fc483cf4df68a2409257b5fad7d3c580379,N/A,N/A,12.089206995549791,1808.0405178171764,N/A,fwdllm_aggregator
505f9fc483cf4df68a2409257b5fad7d3c580384,N/A,N/A,11.789036613623004,1753.1476350842822,N/A,fwdllm_aggregator
505f9fc483cf4df68a2409257b5fad7d3c580371,N/A,N/A,9.978221065394512,1548.1433051408915,N/A,fwdllm_aggregator
505f9fc483cf4df68a2409257b5fad7d3c580383,N/A,N/A,9.896338091910286,1490.4714426083713,N/A,fwdllm_aggregator
505f9fc483cf4df68a2409257b5fad7d3c580375,N/A,N/A,11.918760600332858,1785.7830080508834,N/A,fwdllm_aggregator
505f9fc483cf4df68a2409257b5fad7d3c580376,N/A,N/A,12.13629065164682,1777.757745074944,N/A,fwdllm_aggregator
505f9fc483cf4df68a2409257b5fad7d3c580371,N/A,N/A,9.978221065394512,1548.1433051408915,N/A,fwdllm_aggregator
505f9fc483cf4df68a2409257b5fad7d3c580377,N/A,N/A,10.208102310576786,1539.9254461299975,N/A,fwdllm_aggregator
505f9fc483cf4df68a2409257b5fad7d3c580382,N/A,N/A,9.973538674605301,1490.064394154634,N/A,fwdllm_aggregator
505f9fc483cf4df68a2409257b5fad7d3c580381,N/A,N/A,10.483487178318518,1571.7693488409202,N/A,fwdllm_aggregator
505f9fc483cf4df68a2409257b5fad7d3c580380,N/A,N/A,10.256531657943178,1568.8358302250354,N/A,fwdllm_aggregator
505f9fc483cf4df68a2409257b5fad7d3c580378,N/A,N/A,11.583261027670758,1703.2335403433199,N/A,fwdllm_aggregator
505f9fc483cf4df68a2409257b5fad7d3c580376,N/A,N/A,12.13629065164682,1777.757745074944,N/A,fwdllm_aggregator
505f9fc483cf4df68a2409257b5fad7d3c580384,N/A,N/A,11.789036613623004,1753.1476350842822,N/A,fwdllm_aggregator
505f9fc483cf4df68a2409257b5fad7d3c580382,N/A,N/A,9.973538674605301,1490.064394154634,N/A,fwdllm_aggregator
505f9fc483cf4df68a2409257b5fad7d3c580375,N/A,N/A,11.918760600332858,1785.7830080508834,N/A,fwdllm_aggregator
505f9fc483cf4df68a2409257b5fad7d3c580380,N/A,N/A,10.256531657943178,1568.8358302250354,N/A,fwdllm_aggregator
505f9fc483cf4df68a2409257b5fad7d3c580378,N/A,N/A,11.583261027670758,1703.2335403433199,N/A,fwdllm_aggregator
505f9fc483cf4df68a2409257b5fad7d3c580383,N/A,N/A,9.896338091910286,1490.4714426083713,N/A,fwdllm_aggregator
505f9fc483cf4df68a2409257b5fad7d3c580379,N/A,N/A,12.089206995549791,1808.0405178171764,N/A,fwdllm_aggregator
505f9fc483cf4df68a2409257b5fad7d3c580385,N/A,N/A,11.087727375989086,1608.3157658910518,N/A,fwdllm_aggregator
505f9fc483cf4df68a2409257b5fad7d3c580371,N/A,N/A,9.978221065394512,1548.1433051408915,N/A,fwdllm_aggregator
505f9fc483cf4df68a2409257b5fad7d3c580381,N/A,N/A,10.483487178318518,1571.7693488409202,N/A,fwdllm_aggregator
505f9fc483cf4df68a2409257b5fad7d3c580384,N/A,N/A,11.789036613623004,1753.1476350842822,N/A,fwdllm_aggregator
505f9fc483cf4df68a2409257b5fad7d3c580373,N/A,N/A,10.500834477280284,1577.6380763254372,N/A,fwdllm_aggregator
505f9fc483cf4df68a2409257b5fad7d3c580377,N/A,N/A,10.208102310576786,1539.9254461299975,N/A,fwdllm_aggregator
505f9fc483cf4df68a2409257b5fad7d3c580371,N/A,N/A,9.978221065394512,1548.1433051408915,N/A,fwdllm_aggregator
505f9fc483cf4df68a2409257b5fad7d3c580378,N/A,N/A,11.583261027670758,1703.2335403433199,N/A,fwdllm_aggregator
505f9fc483cf4df68a2409257b5fad7d3c580375,N/A,N/A,11.918760600332858,1785.7830080508834,N/A,fwdllm_aggregator
505f9fc483cf4df68a2409257b5fad7d3c580376,N/A,N/A,12.13629065164682,1777.757745074944,N/A,fwdllm_aggregator
505f9fc483cf4df68a2409257b5fad7d3c580380,N/A,N/A,10.256531657943178,1568.8358302250354,N/A,fwdllm_aggregator
505f9fc483cf4df68a2409257b5fad7d3c580371,N/A,N/A,9.978221065394512,1548.1433051408915,N/A,fwdllm_aggregator
505f9fc483cf4df68a2409257b5fad7d3c580377,N/A,N/A,10.208102310576786,1539.9254461299975,N/A,fwdllm_aggregator
505f9fc483cf4df68a2409257b5fad7d3c580378,N/A,N/A,11.583261027670758,1703.2335403433199,N/A,fwdllm_aggregator
505f9fc483cf4df68a2409257b5fad7d3c580381,N/A,N/A,10.483487178318518,1571.7693488409202,N/A,fwdllm_aggregator
505f9fc483cf4df68a2409257b5fad7d3c580375,N/A,N/A,11.918760600332858,1785.7830080508834,N/A,fwdllm_aggregator
505f9fc483cf4df68a2409257b5fad7d3c580373,N/A,N/A,10.500834477280284,1577.6380763254372,N/A,fwdllm_aggregator
505f9fc483cf4df68a2409257b5fad7d3c580382,N/A,N/A,9.973538674605301,1490.064394154634,N/A,fwdllm_aggregator
505f9fc483cf4df68a2409257b5fad7d3c580378,N/A,N/A,11.583261027670758,1703.2335403433199,N/A,fwdllm_aggregator
505f9fc483cf4df68a2409257b5fad7d3c580385,N/A,N/A,11.087727375989086,1608.3157658910518,N/A,fwdllm_aggregator
505f9fc483cf4df68a2409257b5fad7d3c580383,N/A,N/A,9.896338091910286,1490.4714426083713,N/A,fwdllm_aggregator
505f9fc483cf4df68a2409257b5fad7d3c580377,N/A,N/A,10.208102310576786,1539.9254461299975,N/A,fwdllm_aggregator
505f9fc483cf4df68a2409257b5fad7d3c580379,N/A,N/A,12.089206995549791,1808.0405178171764,N/A,fwdllm_aggregator
505f9fc483cf4df68a2409257b5fad7d3c580375,N/A,N/A,11.918760600332858,1785.7830080508834,N/A,fwdllm_aggregator
505f9fc483cf4df68a2409257b5fad7d3c580384,N/A,N/A,11.789036613623004,1753.1476350842822,N/A,fwdllm_aggregator
505f9fc483cf4df68a2409257b5fad7d3c580373,N/A,N/A,10.500834477280284,1577.6380763254372,N/A,fwdllm_aggregator
505f9fc483cf4df68a2409257b5fad7d3c580376,N/A,N/A,12.13629065164682,1777.757745074944,N/A,fwdllm_aggregator
505f9fc483cf4df68a2409257b5fad7d3c580379,N/A,N/A,12.089206995549791,1808.0405178171764,N/A,fwdllm_aggregator
505f9fc483cf4df68a2409257b5fad7d3c580375,N/A,N/A,11.918760600332858,1785.7830080508834,N/A,fwdllm_aggregator
505f9fc483cf4df68a2409257b5fad7d3c580371,N/A,N/A,9.978221065394512,1548.1433051408915,N/A,fwdllm_aggregator
505f9fc483cf4df68a2409257b5fad7d3c580380,N/A,N/A,10.256531657943178,1568.8358302250354,N/A,fwdllm_aggregator
505f9fc483cf4df68a2409257b5fad7d3c580384,N/A,N/A,11.789036613623004,1753.1476350842822,N/A,fwdllm_aggregator
505f9fc483cf4df68a2409257b5fad7d3c580381,N/A,N/A,10.483487178318518,1571.7693488409202,N/A,fwdllm_aggregator
505f9fc483cf4df68a2409257b5fad7d3c580382,N/A,N/A,9.973538674605301,1490.064394154634,N/A,fwdllm_aggregator
505f9fc483cf4df68a2409257b5fad7d3c580377,N/A,N/A,10.208102310576786,1539.9254461299975,N/A,fwdllm_aggregator
505f9fc483cf4df68a2409257b5fad7d3c580373,N/A,N/A,10.500834477280284,1577.6380763254372,N/A,fwdllm_aggregator
505f9fc483cf4df68a2409257b5fad7d3c580384,N/A,N/A,11.789036613623004,1753.1476350842822,N/A,fwdllm_aggregator
505f9fc483cf4df68a2409257b5fad7d3c580378,N/A,N/A,11.583261027670758,1703.2335403433199,N/A,fwdllm_aggregator
505f9fc483cf4df68a2409257b5fad7d3c580375,N/A,N/A,11.918760600332858,1785.7830080508834,N/A,fwdllm_aggregator
505f9fc483cf4df68a2409257b5fad7d3c580381,N/A,N/A,10.483487178318518,1571.7693488409202,N/A,fwdllm_aggregator
505f9fc483cf4df68a2409257b5fad7d3c580385,N/A,N/A,11.087727375989086,1608.3157658910518,N/A,fwdllm_aggregator
505f9fc483cf4df68a2409257b5fad7d3c580384,N/A,N/A,11.789036613623004,1753.1476350842822,N/A,fwdllm_aggregator
505f9fc483cf4df68a2409257b5fad7d3c580383,N/A,N/A,9.896338091910286,1490.4714426083713,N/A,fwdllm_aggregator
505f9fc483cf4df68a2409257b5fad7d3c580373,N/A,N/A,10.500834477280284,1577.6380763254372,N/A,fwdllm_aggregator
505f9fc483cf4df68a2409257b5fad7d3c580371,N/A,N/A,9.978221065394512,1548.1433051408915,N/A,fwdllm_aggregator
505f9fc483cf4df68a2409257b5fad7d3c580377,N/A,N/A,10.208102310576786,1539.9254461299975,N/A,fwdllm_aggregator
505f9fc483cf4df68a2409257b5fad7d3c580380,N/A,N/A,10.256531657943178,1568.8358302250354,N/A,fwdllm_aggregator
505f9fc483cf4df68a2409257b5fad7d3c580379,N/A,N/A,12.089206995549791,1808.0405178171764,N/A,fwdllm_aggregator
505f9fc483cf4df68a2409257b5fad7d3c580382,N/A,N/A,9.973538674605301,1490.064394154634,N/A,fwdllm_aggregator
505f9fc483cf4df68a2409257b5fad7d3c580383,N/A,N/A,9.896338091910286,1490.4714426083713,N/A,fwdllm_aggregator
505f9fc483cf4df68a2409257b5fad7d3c580373,N/A,N/A,10.500834477280284,1577.6380763254372,N/A,fwdllm_aggregator
505f9fc483cf4df68a2409257b5fad7d3c580380,N/A,N/A,10.256531657943178,1568.8358302250354,N/A,fwdllm_aggregator
505f9fc483cf4df68a2409257b5fad7d3c580382,N/A,N/A,9.973538674605301,1490.064394154634,N/A,fwdllm_aggregator
505f9fc483cf4df68a2409257b5fad7d3c580375,N/A,N/A,11.918760600332858,1785.7830080508834,N/A,fwdllm_aggregator
505f9fc483cf4df68a2409257b5fad7d3c580384,N/A,N/A,11.789036613623004,1753.1476350842822,N/A,fwdllm_aggregator
505f9fc483cf4df68a2409257b5fad7d3c580377,N/A,N/A,10.208102310576786,1539.9254461299975,N/A,fwdllm_aggregator
505f9fc483cf4df68a2409257b5fad7d3c580385,N/A,N/A,11.087727375989086,1608.3157658910518,N/A,fwdllm_aggregator
505f9fc483cf4df68a2409257b5fad7d3c580381,N/A,N/A,10.483487178318518,1571.7693488409202,N/A,fwdllm_aggregator
505f9fc483cf4df68a2409257b5fad7d3c580375,N/A,N/A,11.918760600332858,1785.7830080508834,N/A,fwdllm_aggregator
505f9fc483cf4df68a2409257b5fad7d3c580373,N/A,N/A,10.500834477280284,1577.6380763254372,N/A,fwdllm_aggregator
505f9fc483cf4df68a2409257b5fad7d3c580382,N/A,N/A,9.973538674605301,1490.064394154634,N/A,fwdllm_aggregator
505f9fc483cf4df68a2409257b5fad7d3c580383,N/A,N/A,9.896338091910286,1490.4714426083713,N/A,fwdllm_aggregator
505f9fc483cf4df68a2409257b5fad7d3c580385,N/A,N/A,11.087727375989086,1608.3157658910518,N/A,fwdllm_aggregator
505f9fc483cf4df68a2409257b5fad7d3c580378,N/A,N/A,11.583261027670758,1703.2335403433199,N/A,fwdllm_aggregator
505f9fc483cf4df68a2409257b5fad7d3c580385,N/A,N/A,11.051973841511616,1647.427068320346,N/A,fwdllm_aggregator
505f9fc483cf4df68a2409257b5fad7d3c580379,N/A,N/A,11.901532858207803,1803.8263646573657,N/A,fwdllm_aggregator
505f9fc483cf4df68a2409257b5fad7d3c580382,N/A,N/A,9.768486299573794,1454.2282417326155,N/A,fwdllm_aggregator
505f9fc483cf4df68a2409257b5fad7d3c580376,N/A,N/A,11.971617512036216,1770.2829907374446,N/A,fwdllm_aggregator
505f9fc483cf4df68a2409257b5fad7d3c580378,N/A,N/A,11.368921689021072,1687.3057237479093,N/A,fwdllm_aggregator
505f9fc483cf4df68a2409257b5fad7d3c580375,N/A,N/A,12.107641004883032,1801.9687941767381,N/A,fwdllm_aggregator
505f9fc483cf4df68a2409257b5fad7d3c580381,N/A,N/A,10.406353740919647,1571.7693488409202,N/A,fwdllm_aggregator
505f9fc483cf4df68a2409257b5fad7d3c580377,N/A,N/A,10.14717443063739,1539.9254461299975,N/A,fwdllm_aggregator
505f9fc483cf4df68a2409257b5fad7d3c580378,N/A,N/A,11.368921689021072,1687.3057237479093,N/A,fwdllm_aggregator
505f9fc483cf4df68a2409257b5fad7d3c580384,N/A,N/A,11.503390931794307,1753.1476350842822,N/A,fwdllm_aggregator
505f9fc483cf4df68a2409257b5fad7d3c580376,N/A,N/A,11.971617512036216,1770.2829907374446,N/A,fwdllm_aggregator
505f9fc483cf4df68a2409257b5fad7d3c580383,N/A,N/A,9.901011914257529,1490.4714426083713,N/A,fwdllm_aggregator
505f9fc483cf4df68a2409257b5fad7d3c580371,N/A,N/A,10.520009548052382,1548.1433051408915,N/A,fwdllm_aggregator
505f9fc483cf4df68a2409257b5fad7d3c580380,N/A,N/A,10.136865515556018,1568.8358302250354,N/A,fwdllm_aggregator
505f9fc483cf4df68a2409257b5fad7d3c580382,N/A,N/A,9.768486299573794,1454.2282417326155,N/A,fwdllm_aggregator
505f9fc483cf4df68a2409257b5fad7d3c580377,N/A,N/A,10.14717443063739,1539.9254461299975,N/A,fwdllm_aggregator
505f9fc483cf4df68a2409257b5fad7d3c580379,N/A,N/A,11.901532858207803,1803.8263646573657,N/A,fwdllm_aggregator
505f9fc483cf4df68a2409257b5fad7d3c580376,N/A,N/A,11.971617512036216,1770.2829907374446,N/A,fwdllm_aggregator
505f9fc483cf4df68a2409257b5fad7d3c580381,N/A,N/A,10.406353740919647,1571.7693488409202,N/A,fwdllm_aggregator
505f9fc483cf4df68a2409257b5fad7d3c580380,N/A,N/A,10.136865515556018,1568.8358302250354,N/A,fwdllm_aggregator
505f9fc483cf4df68a2409257b5fad7d3c580383,N/A,N/A,9.901011914257529,1490.4714426083713,N/A,fwdllm_aggregator
505f9fc483cf4df68a2409257b5fad7d3c580375,N/A,N/A,12.107641004883032,1801.9687941767381,N/A,fwdllm_aggregator
505f9fc483cf4df68a2409257b5fad7d3c580384,N/A,N/A,11.503390931794307,1753.1476350842822,N/A,fwdllm_aggregator
505f9fc483cf4df68a2409257b5fad7d3c580378,N/A,N/A,11.368921689021072,1687.3057237479093,N/A,fwdllm_aggregator
505f9fc483cf4df68a2409257b5fad7d3c580385,N/A,N/A,11.051973841511616,1647.427068320346,N/A,fwdllm_aggregator
505f9fc483cf4df68a2409257b5fad7d3c580371,N/A,N/A,10.520009548052382,1548.1433051408915,N/A,fwdllm_aggregator
505f9fc483cf4df68a2409257b5fad7d3c580380,N/A,N/A,10.136865515556018,1568.8358302250354,N/A,fwdllm_aggregator
505f9fc483cf4df68a2409257b5fad7d3c580377,N/A,N/A,10.14717443063739,1539.9254461299975,N/A,fwdllm_aggregator
505f9fc483cf4df68a2409257b5fad7d3c580375,N/A,N/A,12.107641004883032,1801.9687941767381,N/A,fwdllm_aggregator
505f9fc483cf4df68a2409257b5fad7d3c580379,N/A,N/A,11.901532858207803,1803.8263646573657,N/A,fwdllm_aggregator
505f9fc483cf4df68a2409257b5fad7d3c580384,N/A,N/A,11.503390931794307,1753.1476350842822,N/A,fwdllm_aggregator
505f9fc483cf4df68a2409257b5fad7d3c580381,N/A,N/A,10.406353740919647,1571.7693488409202,N/A,fwdllm_aggregator
505f9fc483cf4df68a2409257b5fad7d3c580376,N/A,N/A,11.971617512036216,1770.2829907374446,N/A,fwdllm_aggregator
505f9fc483cf4df68a2409257b5fad7d3c580382,N/A,N/A,9.768486299573794,1454.2282417326155,N/A,fwdllm_aggregator
505f9fc483cf4df68a2409257b5fad7d3c580383,N/A,N/A,9.901011914257529,1490.4714426083713,N/A,fwdllm_aggregator
505f9fc483cf4df68a2409257b5fad7d3c580385,N/A,N/A,11.051973841511616,1647.427068320346,N/A,fwdllm_aggregator
505f9fc483cf4df68a2409257b5fad7d3c580377,N/A,N/A,10.14717443063739,1539.9254461299975,N/A,fwdllm_aggregator
505f9fc483cf4df68a2409257b5fad7d3c580371,N/A,N/A,10.520009548052382,1548.1433051408915,N/A,fwdllm_aggregator
505f9fc483cf4df68a2409257b5fad7d3c580375,N/A,N/A,12.107641004883032,1801.9687941767381,N/A,fwdllm_aggregator
505f9fc483cf4df68a2409257b5fad7d3c580380,N/A,N/A,10.136865515556018,1568.8358302250354,N/A,fwdllm_aggregator
505f9fc483cf4df68a2409257b5fad7d3c580379,N/A,N/A,11.901532858207803,1803.8263646573657,N/A,fwdllm_aggregator
505f9fc483cf4df68a2409257b5fad7d3c580381,N/A,N/A,10.406353740919647,1571.7693488409202,N/A,fwdllm_aggregator
505f9fc483cf4df68a2409257b5fad7d3c580376,N/A,N/A,11.971617512036216,1770.2829907374446,N/A,fwdllm_aggregator
505f9fc483cf4df68a2409257b5fad7d3c580378,N/A,N/A,11.368921689021072,1687.3057237479093,N/A,fwdllm_aggregator
505f9fc483cf4df68a2409257b5fad7d3c580382,N/A,N/A,9.768486299573794,1454.2282417326155,N/A,fwdllm_aggregator
505f9fc483cf4df68a2409257b5fad7d3c580385,N/A,N/A,11.051973841511616,1647.427068320346,N/A,fwdllm_aggregator
505f9fc483cf4df68a2409257b5fad7d3c580380,N/A,N/A,10.136865515556018,1568.8358302250354,N/A,fwdllm_aggregator
505f9fc483cf4df68a2409257b5fad7d3c580381,N/A,N/A,10.406353740919647,1571.7693488409202,N/A,fwdllm_aggregator
505f9fc483cf4df68a2409257b5fad7d3c580378,N/A,N/A,11.368921689021072,1687.3057237479093,N/A,fwdllm_aggregator
505f9fc483cf4df68a2409257b5fad7d3c580382,N/A,N/A,9.768486299573794,1454.2282417326155,N/A,fwdllm_aggregator
505f9fc483cf4df68a2409257b5fad7d3c580384,N/A,N/A,11.503390931794307,1753.1476350842822,N/A,fwdllm_aggregator
505f9fc483cf4df68a2409257b5fad7d3c580377,N/A,N/A,10.14717443063739,1539.9254461299975,N/A,fwdllm_aggregator
505f9fc483cf4df68a2409257b5fad7d3c580381,N/A,N/A,10.406353740919647,1571.7693488409202,N/A,fwdllm_aggregator
505f9fc483cf4df68a2409257b5fad7d3c580376,N/A,N/A,11.971617512036216,1770.2829907374446,N/A,fwdllm_aggregator
505f9fc483cf4df68a2409257b5fad7d3c580378,N/A,N/A,11.368921689021072,1687.3057237479093,N/A,fwdllm_aggregator
505f9fc483cf4df68a2409257b5fad7d3c580379,N/A,N/A,11.901532858207803,1803.8263646573657,N/A,fwdllm_aggregator
505f9fc483cf4df68a2409257b5fad7d3c580380,N/A,N/A,10.136865515556018,1568.8358302250354,N/A,fwdllm_aggregator
505f9fc483cf4df68a2409257b5fad7d3c580377,N/A,N/A,10.14717443063739,1539.9254461299975,N/A,fwdllm_aggregator
505f9fc483cf4df68a2409257b5fad7d3c580373,N/A,N/A,10.590515543174225,1577.6380763254372,N/A,fwdllm_aggregator
505f9fc483cf4df68a2409257b5fad7d3c580375,N/A,N/A,12.107641004883032,1801.9687941767381,N/A,fwdllm_aggregator
505f9fc483cf4df68a2409257b5fad7d3c580382,N/A,N/A,9.768486299573794,1454.2282417326155,N/A,fwdllm_aggregator
505f9fc483cf4df68a2409257b5fad7d3c580385,N/A,N/A,11.051973841511616,1647.427068320346,N/A,fwdllm_aggregator
505f9fc483cf4df68a2409257b5fad7d3c580381,N/A,N/A,10.406353740919647,1571.7693488409202,N/A,fwdllm_aggregator
505f9fc483cf4df68a2409257b5fad7d3c580375,N/A,N/A,12.107641004883032,1801.9687941767381,N/A,fwdllm_aggregator
505f9fc483cf4df68a2409257b5fad7d3c580377,N/A,N/A,10.14717443063739,1539.9254461299975,N/A,fwdllm_aggregator
505f9fc483cf4df68a2409257b5fad7d3c580378,N/A,N/A,11.368921689021072,1687.3057237479093,N/A,fwdllm_aggregator
505f9fc483cf4df68a2409257b5fad7d3c580383,N/A,N/A,9.901011914257529,1490.4714426083713,N/A,fwdllm_aggregator
505f9fc483cf4df68a2409257b5fad7d3c580381,N/A,N/A,10.406353740919647,1571.7693488409202,N/A,fwdllm_aggregator
505f9fc483cf4df68a2409257b5fad7d3c580385,N/A,N/A,11.051973841511616,1647.427068320346,N/A,fwdllm_aggregator
505f9fc483cf4df68a2409257b5fad7d3c580377,N/A,N/A,10.14717443063739,1539.9254461299975,N/A,fwdllm_aggregator
505f9fc483cf4df68a2409257b5fad7d3c580371,N/A,N/A,10.520009548052382,1548.1433051408915,N/A,fwdllm_aggregator
505f9fc483cf4df68a2409257b5fad7d3c580379,N/A,N/A,11.901532858207803,1803.8263646573657,N/A,fwdllm_aggregator
505f9fc483cf4df68a2409257b5fad7d3c580377,N/A,N/A,10.14717443063739,1539.9254461299975,N/A,fwdllm_aggregator
505f9fc483cf4df68a2409257b5fad7d3c580380,N/A,N/A,10.136865515556018,1568.8358302250354,N/A,fwdllm_aggregator
505f9fc483cf4df68a2409257b5fad7d3c580378,N/A,N/A,11.368921689021072,1687.3057237479093,N/A,fwdllm_aggregator
505f9fc483cf4df68a2409257b5fad7d3c580383,N/A,N/A,9.901011914257529,1490.4714426083713,N/A,fwdllm_aggregator
505f9fc483cf4df68a2409257b5fad7d3c580375,N/A,N/A,12.107641004883032,1801.9687941767381,N/A,fwdllm_aggregator
505f9fc483cf4df68a2409257b5fad7d3c580371,N/A,N/A,10.520009548052382,1548.1433051408915,N/A,fwdllm_aggregator
505f9fc483cf4df68a2409257b5fad7d3c580384,N/A,N/A,11.503390931794307,1753.1476350842822,N/A,fwdllm_aggregator
505f9fc483cf4df68a2409257b5fad7d3c580377,N/A,N/A,10.14717443063739,1539.9254461299975,N/A,fwdllm_aggregator
505f9fc483cf4df68a2409257b5fad7d3c580371,N/A,N/A,10.696374610566437,1530.9452162744965,N/A,fwdllm_aggregator
505f9fc483cf4df68a2409257b5fad7d3c580378,N/A,N/A,11.508916963717063,1688.3554675705848,N/A,fwdllm_aggregator
505f9fc483cf4df68a2409257b5fad7d3c580382,N/A,N/A,9.797960528476226,1467.610936301431,N/A,fwdllm_aggregator
505f9fc483cf4df68a2409257b5fad7d3c580376,N/A,N/A,11.55225739320702,1763.7077008534272,N/A,fwdllm_aggregator
505f9fc483cf4df68a2409257b5fad7d3c580384,N/A,N/A,12.05407483861137,1803.5018267980536,N/A,fwdllm_aggregator
505f9fc483cf4df68a2409257b5fad7d3c580385,N/A,N/A,10.90546368494223,1635.0859355215944,N/A,fwdllm_aggregator
505f9fc483cf4df68a2409257b5fad7d3c580375,N/A,N/A,12.136231559058114,1806.359066320163,N/A,fwdllm_aggregator
505f9fc483cf4df68a2409257b5fad7d3c580371,N/A,N/A,10.696374610566437,1530.9452162744965,N/A,fwdllm_aggregator
505f9fc483cf4df68a2409257b5fad7d3c580384,N/A,N/A,12.05407483861137,1803.5018267980536,N/A,fwdllm_aggregator
505f9fc483cf4df68a2409257b5fad7d3c580379,N/A,N/A,12.072711634547456,1803.8263646573657,N/A,fwdllm_aggregator
505f9fc483cf4df68a2409257b5fad7d3c580383,N/A,N/A,9.89596803807715,1490.4714426083713,N/A,fwdllm_aggregator
505f9fc483cf4df68a2409257b5fad7d3c580378,N/A,N/A,11.508916963717063,1688.3554675705848,N/A,fwdllm_aggregator
505f9fc483cf4df68a2409257b5fad7d3c580381,N/A,N/A,10.402900408735176,1571.7693488409202,N/A,fwdllm_aggregator
505f9fc483cf4df68a2409257b5fad7d3c580379,N/A,N/A,12.072711634547456,1803.8263646573657,N/A,fwdllm_aggregator
505f9fc483cf4df68a2409257b5fad7d3c580371,N/A,N/A,10.696374610566437,1530.9452162744965,N/A,fwdllm_aggregator
505f9fc483cf4df68a2409257b5fad7d3c580375,N/A,N/A,12.136231559058114,1806.359066320163,N/A,fwdllm_aggregator
505f9fc483cf4df68a2409257b5fad7d3c580377,N/A,N/A,10.149311782731179,1539.9254461299975,N/A,fwdllm_aggregator
505f9fc483cf4df68a2409257b5fad7d3c580376,N/A,N/A,11.55225739320702,1763.7077008534272,N/A,fwdllm_aggregator
505f9fc483cf4df68a2409257b5fad7d3c580373,N/A,N/A,10.509333503997397,1577.6380763254372,N/A,fwdllm_aggregator
505f9fc483cf4df68a2409257b5fad7d3c580382,N/A,N/A,9.797960528476226,1467.610936301431,N/A,fwdllm_aggregator
505f9fc483cf4df68a2409257b5fad7d3c580384,N/A,N/A,12.05407483861137,1803.5018267980536,N/A,fwdllm_aggregator
505f9fc483cf4df68a2409257b5fad7d3c580380,N/A,N/A,10.488496928066414,1568.8358302250354,N/A,fwdllm_aggregator
505f9fc483cf4df68a2409257b5fad7d3c580385,N/A,N/A,10.90546368494223,1635.0859355215944,N/A,fwdllm_aggregator
505f9fc483cf4df68a2409257b5fad7d3c580373,N/A,N/A,10.509333503997397,1577.6380763254372,N/A,fwdllm_aggregator
505f9fc483cf4df68a2409257b5fad7d3c580371,N/A,N/A,10.696374610566437,1530.9452162744965,N/A,fwdllm_aggregator
505f9fc483cf4df68a2409257b5fad7d3c580376,N/A,N/A,11.55225739320702,1763.7077008534272,N/A,fwdllm_aggregator
505f9fc483cf4df68a2409257b5fad7d3c580377,N/A,N/A,10.149311782731179,1539.9254461299975,N/A,fwdllm_aggregator
505f9fc483cf4df68a2409257b5fad7d3c580384,N/A,N/A,12.05407483861137,1803.5018267980536,N/A,fwdllm_aggregator
505f9fc483cf4df68a2409257b5fad7d3c580379,N/A,N/A,12.072711634547456,1803.8263646573657,N/A,fwdllm_aggregator
505f9fc483cf4df68a2409257b5fad7d3c580373,N/A,N/A,10.509333503997397,1577.6380763254372,N/A,fwdllm_aggregator
505f9fc483cf4df68a2409257b5fad7d3c580380,N/A,N/A,10.488496928066414,1568.8358302250354,N/A,fwdllm_aggregator
505f9fc483cf4df68a2409257b5fad7d3c580371,N/A,N/A,10.696374610566437,1530.9452162744965,N/A,fwdllm_aggregator
505f9fc483cf4df68a2409257b5fad7d3c580383,N/A,N/A,9.89596803807715,1490.4714426083713,N/A,fwdllm_aggregator
505f9fc483cf4df68a2409257b5fad7d3c580381,N/A,N/A,10.402900408735176,1571.7693488409202,N/A,fwdllm_aggregator
505f9fc483cf4df68a2409257b5fad7d3c580377,N/A,N/A,10.149311782731179,1539.9254461299975,N/A,fwdllm_aggregator
505f9fc483cf4df68a2409257b5fad7d3c580384,N/A,N/A,12.05407483861137,1803.5018267980536,N/A,fwdllm_aggregator
505f9fc483cf4df68a2409257b5fad7d3c580378,N/A,N/A,11.508916963717063,1688.3554675705848,N/A,fwdllm_aggregator
505f9fc483cf4df68a2409257b5fad7d3c580381,N/A,N/A,10.402900408735176,1571.7693488409202,N/A,fwdllm_aggregator
505f9fc483cf4df68a2409257b5fad7d3c580377,N/A,N/A,10.149311782731179,1539.9254461299975,N/A,fwdllm_aggregator
505f9fc483cf4df68a2409257b5fad7d3c580382,N/A,N/A,9.797960528476226,1467.610936301431,N/A,fwdllm_aggregator
505f9fc483cf4df68a2409257b5fad7d3c580379,N/A,N/A,12.072711634547456,1803.8263646573657,N/A,fwdllm_aggregator
505f9fc483cf4df68a2409257b5fad7d3c580380,N/A,N/A,10.488496928066414,1568.8358302250354,N/A,fwdllm_aggregator
505f9fc483cf4df68a2409257b5fad7d3c580384,N/A,N/A,12.05407483861137,1803.5018267980536,N/A,fwdllm_aggregator
505f9fc483cf4df68a2409257b5fad7d3c580371,N/A,N/A,10.696374610566437,1530.9452162744965,N/A,fwdllm_aggregator
505f9fc483cf4df68a2409257b5fad7d3c580375,N/A,N/A,12.136231559058114,1806.359066320163,N/A,fwdllm_aggregator
505f9fc483cf4df68a2409257b5fad7d3c580383,N/A,N/A,9.89596803807715,1490.4714426083713,N/A,fwdllm_aggregator
505f9fc483cf4df68a2409257b5fad7d3c580378,N/A,N/A,11.508916963717063,1688.3554675705848,N/A,fwdllm_aggregator
505f9fc483cf4df68a2409257b5fad7d3c580377,N/A,N/A,10.149311782731179,1539.9254461299975,N/A,fwdllm_aggregator
505f9fc483cf4df68a2409257b5fad7d3c580373,N/A,N/A,10.509333503997397,1577.6380763254372,N/A,fwdllm_aggregator
505f9fc483cf4df68a2409257b5fad7d3c580375,N/A,N/A,12.136231559058114,1806.359066320163,N/A,fwdllm_aggregator
505f9fc483cf4df68a2409257b5fad7d3c580376,N/A,N/A,11.55225739320702,1763.7077008534272,N/A,fwdllm_aggregator
505f9fc483cf4df68a2409257b5fad7d3c580380,N/A,N/A,10.488496928066414,1568.8358302250354,N/A,fwdllm_aggregator
505f9fc483cf4df68a2409257b5fad7d3c580373,N/A,N/A,10.509333503997397,1577.6380763254372,N/A,fwdllm_aggregator
505f9fc483cf4df68a2409257b5fad7d3c580383,N/A,N/A,9.89596803807715,1490.4714426083713,N/A,fwdllm_aggregator
505f9fc483cf4df68a2409257b5fad7d3c580377,N/A,N/A,10.149311782731179,1539.9254461299975,N/A,fwdllm_aggregator
505f9fc483cf4df68a2409257b5fad7d3c580371,N/A,N/A,10.696374610566437,1530.9452162744965,N/A,fwdllm_aggregator
505f9fc483cf4df68a2409257b5fad7d3c580381,N/A,N/A,10.402900408735176,1571.7693488409202,N/A,fwdllm_aggregator
505f9fc483cf4df68a2409257b5fad7d3c580385,N/A,N/A,10.90546368494223,1635.0859355215944,N/A,fwdllm_aggregator
505f9fc483cf4df68a2409257b5fad7d3c580383,N/A,N/A,9.89596803807715,1490.4714426083713,N/A,fwdllm_aggregator
505f9fc483cf4df68a2409257b5fad7d3c580382,N/A,N/A,9.797960528476226,1467.610936301431,N/A,fwdllm_aggregator
505f9fc483cf4df68a2409257b5fad7d3c580377,N/A,N/A,9.607351397065646,1455.6894890670615,N/A,fwdllm_aggregator
505f9fc483cf4df68a2409257b5fad7d3c580379,N/A,N/A,12.22329791180843,1831.154998502322,N/A,fwdllm_aggregator
505f9fc483cf4df68a2409257b5fad7d3c580378,N/A,N/A,11.560873381149062,1703.0001697954597,N/A,fwdllm_aggregator
505f9fc483cf4df68a2409257b5fad7d3c580383,N/A,N/A,9.630560123557562,1444.1874139215938,N/A,fwdllm_aggregator
505f9fc483cf4df68a2409257b5fad7d3c580373,N/A,N/A,9.990737058162027,1539.5946759471578,N/A,fwdllm_aggregator
505f9fc483cf4df68a2409257b5fad7d3c580380,N/A,N/A,10.151318664581602,1561.8707506138032,N/A,fwdllm_aggregator
505f9fc483cf4df68a2409257b5fad7d3c580376,N/A,N/A,12.315462791925315,1793.7073278368996,N/A,fwdllm_aggregator
505f9fc483cf4df68a2409257b5fad7d3c580385,N/A,N/A,10.646908063196204,1635.0859355215944,N/A,fwdllm_aggregator
505f9fc483cf4df68a2409257b5fad7d3c580384,N/A,N/A,12.13851207281176,1803.5018267980536,N/A,fwdllm_aggregator
505f9fc483cf4df68a2409257b5fad7d3c580377,N/A,N/A,9.607351397065646,1455.6894890670615,N/A,fwdllm_aggregator
505f9fc483cf4df68a2409257b5fad7d3c580381,N/A,N/A,10.64698007955557,1571.7693488409202,N/A,fwdllm_aggregator
505f9fc483cf4df68a2409257b5fad7d3c580376,N/A,N/A,12.315462791925315,1793.7073278368996,N/A,fwdllm_aggregator
505f9fc483cf4df68a2409257b5fad7d3c580382,N/A,N/A,9.686890810608952,1467.610936301431,N/A,fwdllm_aggregator
505f9fc483cf4df68a2409257b5fad7d3c580375,N/A,N/A,12.15142899261235,1806.359066320163,N/A,fwdllm_aggregator
505f9fc483cf4df68a2409257b5fad7d3c580379,N/A,N/A,12.22329791180843,1831.154998502322,N/A,fwdllm_aggregator
505f9fc483cf4df68a2409257b5fad7d3c580371,N/A,N/A,10.163232275373968,1530.9452162744965,N/A,fwdllm_aggregator
505f9fc483cf4df68a2409257b5fad7d3c580377,N/A,N/A,9.607351397065646,1455.6894890670615,N/A,fwdllm_aggregator
505f9fc483cf4df68a2409257b5fad7d3c580378,N/A,N/A,11.560873381149062,1703.0001697954597,N/A,fwdllm_aggregator
505f9fc483cf4df68a2409257b5fad7d3c580373,N/A,N/A,9.990737058162027,1539.5946759471578,N/A,fwdllm_aggregator
505f9fc483cf4df68a2409257b5fad7d3c580381,N/A,N/A,10.64698007955557,1571.7693488409202,N/A,fwdllm_aggregator
505f9fc483cf4df68a2409257b5fad7d3c580380,N/A,N/A,10.151318664581602,1561.8707506138032,N/A,fwdllm_aggregator
505f9fc483cf4df68a2409257b5fad7d3c580382,N/A,N/A,9.686890810608952,1467.610936301431,N/A,fwdllm_aggregator
505f9fc483cf4df68a2409257b5fad7d3c580373,N/A,N/A,9.990737058162027,1539.5946759471578,N/A,fwdllm_aggregator
505f9fc483cf4df68a2409257b5fad7d3c580383,N/A,N/A,9.630560123557562,1444.1874139215938,N/A,fwdllm_aggregator
505f9fc483cf4df68a2409257b5fad7d3c580384,N/A,N/A,12.13851207281176,1803.5018267980536,N/A,fwdllm_aggregator
505f9fc483cf4df68a2409257b5fad7d3c580378,N/A,N/A,11.560873381149062,1703.0001697954597,N/A,fwdllm_aggregator
505f9fc483cf4df68a2409257b5fad7d3c580376,N/A,N/A,12.315462791925315,1793.7073278368996,N/A,fwdllm_aggregator
505f9fc483cf4df68a2409257b5fad7d3c580384,N/A,N/A,12.13851207281176,1803.5018267980536,N/A,fwdllm_aggregator
505f9fc483cf4df68a2409257b5fad7d3c580383,N/A,N/A,9.630560123557562,1444.1874139215938,N/A,fwdllm_aggregator
505f9fc483cf4df68a2409257b5fad7d3c580382,N/A,N/A,9.686890810608952,1467.610936301431,N/A,fwdllm_aggregator
505f9fc483cf4df68a2409257b5fad7d3c580385,N/A,N/A,10.646908063196204,1635.0859355215944,N/A,fwdllm_aggregator
505f9fc483cf4df68a2409257b5fad7d3c580371,N/A,N/A,10.163232275373968,1530.9452162744965,N/A,fwdllm_aggregator
505f9fc483cf4df68a2409257b5fad7d3c580383,N/A,N/A,9.630560123557562,1444.1874139215938,N/A,fwdllm_aggregator
505f9fc483cf4df68a2409257b5fad7d3c580373,N/A,N/A,9.990737058162027,1539.5946759471578,N/A,fwdllm_aggregator
505f9fc483cf4df68a2409257b5fad7d3c580381,N/A,N/A,10.64698007955557,1571.7693488409202,N/A,fwdllm_aggregator
505f9fc483cf4df68a2409257b5fad7d3c580380,N/A,N/A,10.151318664581602,1561.8707506138032,N/A,fwdllm_aggregator
505f9fc483cf4df68a2409257b5fad7d3c580379,N/A,N/A,12.22329791180843,1831.154998502322,N/A,fwdllm_aggregator
505f9fc483cf4df68a2409257b5fad7d3c580371,N/A,N/A,10.163232275373968,1530.9452162744965,N/A,fwdllm_aggregator
505f9fc483cf4df68a2409257b5fad7d3c580377,N/A,N/A,9.607351397065646,1455.6894890670615,N/A,fwdllm_aggregator
505f9fc483cf4df68a2409257b5fad7d3c580375,N/A,N/A,12.15142899261235,1806.359066320163,N/A,fwdllm_aggregator
505f9fc483cf4df68a2409257b5fad7d3c580384,N/A,N/A,12.13851207281176,1803.5018267980536,N/A,fwdllm_aggregator
505f9fc483cf4df68a2409257b5fad7d3c580381,N/A,N/A,10.64698007955557,1571.7693488409202,N/A,fwdllm_aggregator
505f9fc483cf4df68a2409257b5fad7d3c580371,N/A,N/A,10.163232275373968,1530.9452162744965,N/A,fwdllm_aggregator
505f9fc483cf4df68a2409257b5fad7d3c580385,N/A,N/A,10.646908063196204,1635.0859355215944,N/A,fwdllm_aggregator
505f9fc483cf4df68a2409257b5fad7d3c580383,N/A,N/A,9.630560123557562,1444.1874139215938,N/A,fwdllm_aggregator
505f9fc483cf4df68a2409257b5fad7d3c580379,N/A,N/A,12.22329791180843,1831.154998502322,N/A,fwdllm_aggregator
505f9fc483cf4df68a2409257b5fad7d3c580378,N/A,N/A,11.560873381149062,1703.0001697954597,N/A,fwdllm_aggregator
505f9fc483cf4df68a2409257b5fad7d3c580371,N/A,N/A,10.163232275373968,1530.9452162744965,N/A,fwdllm_aggregator
505f9fc483cf4df68a2409257b5fad7d3c580376,N/A,N/A,12.315462791925315,1793.7073278368996,N/A,fwdllm_aggregator
505f9fc483cf4df68a2409257b5fad7d3c580384,N/A,N/A,12.13851207281176,1803.5018267980536,N/A,fwdllm_aggregator
505f9fc483cf4df68a2409257b5fad7d3c580385,N/A,N/A,10.646908063196204,1635.0859355215944,N/A,fwdllm_aggregator
505f9fc483cf4df68a2409257b5fad7d3c580377,N/A,N/A,9.607351397065646,1455.6894890670615,N/A,fwdllm_aggregator
505f9fc483cf4df68a2409257b5fad7d3c580384,N/A,N/A,12.13851207281176,1803.5018267980536,N/A,fwdllm_aggregator
505f9fc483cf4df68a2409257b5fad7d3c580381,N/A,N/A,10.64698007955557,1571.7693488409202,N/A,fwdllm_aggregator
505f9fc483cf4df68a2409257b5fad7d3c580375,N/A,N/A,12.15142899261235,1806.359066320163,N/A,fwdllm_aggregator
505f9fc483cf4df68a2409257b5fad7d3c580383,N/A,N/A,9.630560123557562,1444.1874139215938,N/A,fwdllm_aggregator
505f9fc483cf4df68a2409257b5fad7d3c580371,N/A,N/A,10.163232275373968,1530.9452162744965,N/A,fwdllm_aggregator
505f9fc483cf4df68a2409257b5fad7d3c580381,N/A,N/A,10.64698007955557,1571.7693488409202,N/A,fwdllm_aggregator
505f9fc483cf4df68a2409257b5fad7d3c580380,N/A,N/A,10.151318664581602,1561.8707506138032,N/A,fwdllm_aggregator
505f9fc483cf4df68a2409257b5fad7d3c580379,N/A,N/A,12.22329791180843,1831.154998502322,N/A,fwdllm_aggregator
505f9fc483cf4df68a2409257b5fad7d3c580384,N/A,N/A,12.031233512569871,1847.4770716172277,N/A,fwdllm_aggregator
505f9fc483cf4df68a2409257b5fad7d3c580373,N/A,N/A,10.154652067804394,1532.7150478356825,N/A,fwdllm_aggregator
505f9fc483cf4df68a2409257b5fad7d3c580375,N/A,N/A,12.451256893092095,1851.378039169985,N/A,fwdllm_aggregator
505f9fc483cf4df68a2409257b5fad7d3c580379,N/A,N/A,12.182221663481712,1826.2647605471818,N/A,fwdllm_aggregator
505f9fc483cf4df68a2409257b5fad7d3c580381,N/A,N/A,10.457243924691069,1571.2277820991953,N/A,fwdllm_aggregator
505f9fc483cf4df68a2409257b5fad7d3c580383,N/A,N/A,9.461205627522823,1429.621452832122,N/A,fwdllm_aggregator
505f9fc483cf4df68a2409257b5fad7d3c580384,N/A,N/A,12.031233512569871,1847.4770716172277,N/A,fwdllm_aggregator
505f9fc483cf4df68a2409257b5fad7d3c580378,N/A,N/A,10.930736957635187,1694.370326335094,N/A,fwdllm_aggregator
505f9fc483cf4df68a2409257b5fad7d3c580379,N/A,N/A,12.182221663481712,1826.2647605471818,N/A,fwdllm_aggregator
505f9fc483cf4df68a2409257b5fad7d3c580371,N/A,N/A,9.67478295213378,1530.9452162744965,N/A,fwdllm_aggregator
505f9fc483cf4df68a2409257b5fad7d3c580385,N/A,N/A,10.587113633925739,1635.0859355215944,N/A,fwdllm_aggregator
505f9fc483cf4df68a2409257b5fad7d3c580382,N/A,N/A,9.794509237008644,1467.610936301431,N/A,fwdllm_aggregator
505f9fc483cf4df68a2409257b5fad7d3c580373,N/A,N/A,10.154652067804394,1532.7150478356825,N/A,fwdllm_aggregator
505f9fc483cf4df68a2409257b5fad7d3c580377,N/A,N/A,9.78033735508632,1455.6894890670615,N/A,fwdllm_aggregator
505f9fc483cf4df68a2409257b5fad7d3c580378,N/A,N/A,10.930736957635187,1694.370326335094,N/A,fwdllm_aggregator
505f9fc483cf4df68a2409257b5fad7d3c580380,N/A,N/A,10.62453325031784,1561.8707506138032,N/A,fwdllm_aggregator
505f9fc483cf4df68a2409257b5fad7d3c580379,N/A,N/A,12.182221663481712,1826.2647605471818,N/A,fwdllm_aggregator
505f9fc483cf4df68a2409257b5fad7d3c580382,N/A,N/A,9.794509237008644,1467.610936301431,N/A,fwdllm_aggregator
505f9fc483cf4df68a2409257b5fad7d3c580371,N/A,N/A,9.67478295213378,1530.9452162744965,N/A,fwdllm_aggregator
505f9fc483cf4df68a2409257b5fad7d3c580384,N/A,N/A,12.031233512569871,1847.4770716172277,N/A,fwdllm_aggregator
505f9fc483cf4df68a2409257b5fad7d3c580383,N/A,N/A,9.461205627522823,1429.621452832122,N/A,fwdllm_aggregator
505f9fc483cf4df68a2409257b5fad7d3c580381,N/A,N/A,10.457243924691069,1571.2277820991953,N/A,fwdllm_aggregator
505f9fc483cf4df68a2409257b5fad7d3c580371,N/A,N/A,9.67478295213378,1530.9452162744965,N/A,fwdllm_aggregator
505f9fc483cf4df68a2409257b5fad7d3c580376,N/A,N/A,11.963677429482907,1793.7073278368996,N/A,fwdllm_aggregator
505f9fc483cf4df68a2409257b5fad7d3c580384,N/A,N/A,12.031233512569871,1847.4770716172277,N/A,fwdllm_aggregator
505f9fc483cf4df68a2409257b5fad7d3c580385,N/A,N/A,10.587113633925739,1635.0859355215944,N/A,fwdllm_aggregator
505f9fc483cf4df68a2409257b5fad7d3c580379,N/A,N/A,12.182221663481712,1826.2647605471818,N/A,fwdllm_aggregator
505f9fc483cf4df68a2409257b5fad7d3c580383,N/A,N/A,9.461205627522823,1429.621452832122,N/A,fwdllm_aggregator
505f9fc483cf4df68a2409257b5fad7d3c580371,N/A,N/A,9.67478295213378,1530.9452162744965,N/A,fwdllm_aggregator
505f9fc483cf4df68a2409257b5fad7d3c580380,N/A,N/A,10.62453325031784,1561.8707506138032,N/A,fwdllm_aggregator
505f9fc483cf4df68a2409257b5fad7d3c580376,N/A,N/A,11.963677429482907,1793.7073278368996,N/A,fwdllm_aggregator
505f9fc483cf4df68a2409257b5fad7d3c580378,N/A,N/A,10.930736957635187,1694.370326335094,N/A,fwdllm_aggregator
505f9fc483cf4df68a2409257b5fad7d3c580373,N/A,N/A,10.154652067804394,1532.7150478356825,N/A,fwdllm_aggregator
505f9fc483cf4df68a2409257b5fad7d3c580382,N/A,N/A,9.794509237008644,1467.610936301431,N/A,fwdllm_aggregator
505f9fc483cf4df68a2409257b5fad7d3c580379,N/A,N/A,12.182221663481712,1826.2647605471818,N/A,fwdllm_aggregator
505f9fc483cf4df68a2409257b5fad7d3c580384,N/A,N/A,12.031233512569871,1847.4770716172277,N/A,fwdllm_aggregator
505f9fc483cf4df68a2409257b5fad7d3c580385,N/A,N/A,10.587113633925739,1635.0859355215944,N/A,fwdllm_aggregator
505f9fc483cf4df68a2409257b5fad7d3c580371,N/A,N/A,9.67478295213378,1530.9452162744965,N/A,fwdllm_aggregator
505f9fc483cf4df68a2409257b5fad7d3c580376,N/A,N/A,11.963677429482907,1793.7073278368996,N/A,fwdllm_aggregator
505f9fc483cf4df68a2409257b5fad7d3c580377,N/A,N/A,9.78033735508632,1455.6894890670615,N/A,fwdllm_aggregator
505f9fc483cf4df68a2409257b5fad7d3c580383,N/A,N/A,9.461205627522823,1429.621452832122,N/A,fwdllm_aggregator
505f9fc483cf4df68a2409257b5fad7d3c580379,N/A,N/A,12.182221663481712,1826.2647605471818,N/A,fwdllm_aggregator
505f9fc483cf4df68a2409257b5fad7d3c580380,N/A,N/A,10.62453325031784,1561.8707506138032,N/A,fwdllm_aggregator
505f9fc483cf4df68a2409257b5fad7d3c580371,N/A,N/A,9.67478295213378,1530.9452162744965,N/A,fwdllm_aggregator
505f9fc483cf4df68a2409257b5fad7d3c580384,N/A,N/A,12.031233512569871,1847.4770716172277,N/A,fwdllm_aggregator
505f9fc483cf4df68a2409257b5fad7d3c580381,N/A,N/A,10.457243924691069,1571.2277820991953,N/A,fwdllm_aggregator
505f9fc483cf4df68a2409257b5fad7d3c580373,N/A,N/A,10.154652067804394,1532.7150478356825,N/A,fwdllm_aggregator
505f9fc483cf4df68a2409257b5fad7d3c580375,N/A,N/A,12.451256893092095,1851.378039169985,N/A,fwdllm_aggregator
505f9fc483cf4df68a2409257b5fad7d3c580376,N/A,N/A,11.963677429482907,1793.7073278368996,N/A,fwdllm_aggregator
505f9fc483cf4df68a2409257b5fad7d3c580383,N/A,N/A,9.461205627522823,1429.621452832122,N/A,fwdllm_aggregator
505f9fc483cf4df68a2409257b5fad7d3c580377,N/A,N/A,9.78033735508632,1455.6894890670615,N/A,fwdllm_aggregator
505f9fc483cf4df68a2409257b5fad7d3c580384,N/A,N/A,12.031233512569871,1847.4770716172277,N/A,fwdllm_aggregator
505f9fc483cf4df68a2409257b5fad7d3c580379,N/A,N/A,12.182221663481712,1826.2647605471818,N/A,fwdllm_aggregator
505f9fc483cf4df68a2409257b5fad7d3c580380,N/A,N/A,10.62453325031784,1561.8707506138032,N/A,fwdllm_aggregator
505f9fc483cf4df68a2409257b5fad7d3c580376,N/A,N/A,11.963677429482907,1793.7073278368996,N/A,fwdllm_aggregator
505f9fc483cf4df68a2409257b5fad7d3c580385,N/A,N/A,10.587113633925739,1635.0859355215944,N/A,fwdllm_aggregator
505f9fc483cf4df68a2409257b5fad7d3c580381,N/A,N/A,10.457243924691069,1571.2277820991953,N/A,fwdllm_aggregator
505f9fc483cf4df68a2409257b5fad7d3c580383,N/A,N/A,9.461205627522823,1429.621452832122,N/A,fwdllm_aggregator
505f9fc483cf4df68a2409257b5fad7d3c580375,N/A,N/A,12.451256893092095,1851.378039169985,N/A,fwdllm_aggregator
505f9fc483cf4df68a2409257b5fad7d3c580376,N/A,N/A,11.963677429482907,1793.7073278368996,N/A,fwdllm_aggregator
505f9fc483cf4df68a2409257b5fad7d3c580373,N/A,N/A,10.154652067804394,1532.7150478356825,N/A,fwdllm_aggregator
505f9fc483cf4df68a2409257b5fad7d3c580384,N/A,N/A,12.031233512569871,1847.4770716172277,N/A,fwdllm_aggregator
505f9fc483cf4df68a2409257b5fad7d3c580371,N/A,N/A,9.67478295213378,1530.9452162744965,N/A,fwdllm_aggregator
505f9fc483cf4df68a2409257b5fad7d3c580379,N/A,N/A,12.182221663481712,1826.2647605471818,N/A,fwdllm_aggregator
505f9fc483cf4df68a2409257b5fad7d3c580381,N/A,N/A,10.457243924691069,1571.2277820991953,N/A,fwdllm_aggregator
505f9fc483cf4df68a2409257b5fad7d3c580380,N/A,N/A,10.62453325031784,1561.8707506138032,N/A,fwdllm_aggregator
505f9fc483cf4df68a2409257b5fad7d3c580377,N/A,N/A,9.78033735508632,1455.6894890670615,N/A,fwdllm_aggregator
505f9fc483cf4df68a2409257b5fad7d3c580385,N/A,N/A,10.587113633925739,1635.0859355215944,N/A,fwdllm_aggregator
505f9fc483cf4df68a2409257b5fad7d3c580378,N/A,N/A,10.930736957635187,1694.370326335094,N/A,fwdllm_aggregator
505f9fc483cf4df68a2409257b5fad7d3c580371,N/A,N/A,9.67478295213378,1530.9452162744965,N/A,fwdllm_aggregator
505f9fc483cf4df68a2409257b5fad7d3c580376,N/A,N/A,11.963677429482907,1793.7073278368996,N/A,fwdllm_aggregator
505f9fc483cf4df68a2409257b5fad7d3c580379,N/A,N/A,12.182221663481712,1826.2647605471818,N/A,fwdllm_aggregator
505f9fc483cf4df68a2409257b5fad7d3c580384,N/A,N/A,12.031233512569871,1847.4770716172277,N/A,fwdllm_aggregator
505f9fc483cf4df68a2409257b5fad7d3c580383,N/A,N/A,9.461205627522823,1429.621452832122,N/A,fwdllm_aggregator
505f9fc483cf4df68a2409257b5fad7d3c580374,N/A,N/A,10.823871960792626,1609.5932460910547,N/A,fwdllm_aggregator
505f9fc483cf4df68a2409257b5fad7d3c580376,N/A,N/A,12.105310557816015,1819.771453005656,N/A,fwdllm_aggregator
505f9fc483cf4df68a2409257b5fad7d3c580380,N/A,N/A,9.66277914692689,1501.6037374782234,N/A,fwdllm_aggregator
505f9fc483cf4df68a2409257b5fad7d3c580383,N/A,N/A,9.160915813391098,1387.7994626589673,N/A,fwdllm_aggregator
505f9fc483cf4df68a2409257b5fad7d3c580379,N/A,N/A,12.626278047741035,1889.9599422266695,N/A,fwdllm_aggregator
505f9fc483cf4df68a2409257b5fad7d3c580374,N/A,N/A,10.219492474101767,1581.5529933930904,N/A,fwdllm_aggregator
505f9fc483cf4df68a2409257b5fad7d3c580384,N/A,N/A,13.044363764683604,1941.361989010676,N/A,fwdllm_aggregator
505f9fc483cf4df68a2409257b5fad7d3c580371,N/A,N/A,9.833401911437134,1475.3605001826731,N/A,fwdllm_aggregator
505f9fc483cf4df68a2409257b5fad7d3c580382,N/A,N/A,9.143368979159842,1388.013280832476,N/A,fwdllm_aggregator
505f9fc483cf4df68a2409257b5fad7d3c580379,N/A,N/A,12.626278047741035,1889.9599422266695,N/A,fwdllm_aggregator
505f9fc483cf4df68a2409257b5fad7d3c580380,N/A,N/A,9.66277914692689,1501.6037374782234,N/A,fwdllm_aggregator
505f9fc483cf4df68a2409257b5fad7d3c580381,N/A,N/A,10.526500864911586,1571.2277820991953,N/A,fwdllm_aggregator
505f9fc483cf4df68a2409257b5fad7d3c580376,N/A,N/A,12.105310557816015,1819.771453005656,N/A,fwdllm_aggregator
505f9fc483cf4df68a2409257b5fad7d3c580374,N/A,N/A,10.219492474101767,1581.5529933930904,N/A,fwdllm_aggregator
505f9fc483cf4df68a2409257b5fad7d3c580371,N/A,N/A,9.833401911437134,1475.3605001826731,N/A,fwdllm_aggregator
505f9fc483cf4df68a2409257b5fad7d3c580385,N/A,N/A,10.710711698704873,1635.0859355215944,N/A,fwdllm_aggregator
505f9fc483cf4df68a2409257b5fad7d3c580375,N/A,N/A,12.31612811393053,1851.378039169985,N/A,fwdllm_aggregator
505f9fc483cf4df68a2409257b5fad7d3c580384,N/A,N/A,13.044363764683604,1941.361989010676,N/A,fwdllm_aggregator
505f9fc483cf4df68a2409257b5fad7d3c580382,N/A,N/A,9.143368979159842,1388.013280832476,N/A,fwdllm_aggregator
505f9fc483cf4df68a2409257b5fad7d3c580371,N/A,N/A,9.833401911437134,1475.3605001826731,N/A,fwdllm_aggregator
505f9fc483cf4df68a2409257b5fad7d3c580385,N/A,N/A,10.710711698704873,1635.0859355215944,N/A,fwdllm_aggregator
505f9fc483cf4df68a2409257b5fad7d3c580381,N/A,N/A,10.526500864911586,1571.2277820991953,N/A,fwdllm_aggregator
505f9fc483cf4df68a2409257b5fad7d3c580380,N/A,N/A,9.66277914692689,1501.6037374782234,N/A,fwdllm_aggregator
505f9fc483cf4df68a2409257b5fad7d3c580379,N/A,N/A,12.626278047741035,1889.9599422266695,N/A,fwdllm_aggregator
505f9fc483cf4df68a2409257b5fad7d3c580374,N/A,N/A,10.219492474101767,1581.5529933930904,N/A,fwdllm_aggregator
505f9fc483cf4df68a2409257b5fad7d3c580373,N/A,N/A,10.25625307965276,1532.7150478356825,N/A,fwdllm_aggregator
505f9fc483cf4df68a2409257b5fad7d3c580382,N/A,N/A,9.143368979159842,1388.013280832476,N/A,fwdllm_aggregator
505f9fc483cf4df68a2409257b5fad7d3c580385,N/A,N/A,10.710711698704873,1635.0859355215944,N/A,fwdllm_aggregator
505f9fc483cf4df68a2409257b5fad7d3c580384,N/A,N/A,13.044363764683604,1941.361989010676,N/A,fwdllm_aggregator
505f9fc483cf4df68a2409257b5fad7d3c580380,N/A,N/A,9.66277914692689,1501.6037374782234,N/A,fwdllm_aggregator
505f9fc483cf4df68a2409257b5fad7d3c580375,N/A,N/A,12.31612811393053,1851.378039169985,N/A,fwdllm_aggregator
505f9fc483cf4df68a2409257b5fad7d3c580379,N/A,N/A,12.626278047741035,1889.9599422266695,N/A,fwdllm_aggregator
505f9fc483cf4df68a2409257b5fad7d3c580378,N/A,N/A,11.120777143038913,1694.370326335094,N/A,fwdllm_aggregator
505f9fc483cf4df68a2409257b5fad7d3c580383,N/A,N/A,9.160915813391098,1387.7994626589673,N/A,fwdllm_aggregator
505f9fc483cf4df68a2409257b5fad7d3c580385,N/A,N/A,10.710711698704873,1635.0859355215944,N/A,fwdllm_aggregator
505f9fc483cf4df68a2409257b5fad7d3c580376,N/A,N/A,12.105310557816015,1819.771453005656,N/A,fwdllm_aggregator
505f9fc483cf4df68a2409257b5fad7d3c580380,N/A,N/A,9.66277914692689,1501.6037374782234,N/A,fwdllm_aggregator
505f9fc483cf4df68a2409257b5fad7d3c580382,N/A,N/A,9.143368979159842,1388.013280832476,N/A,fwdllm_aggregator
505f9fc483cf4df68a2409257b5fad7d3c580381,N/A,N/A,10.526500864911586,1571.2277820991953,N/A,fwdllm_aggregator
505f9fc483cf4df68a2409257b5fad7d3c580384,N/A,N/A,13.044363764683604,1941.361989010676,N/A,fwdllm_aggregator
505f9fc483cf4df68a2409257b5fad7d3c580371,N/A,N/A,9.833401911437134,1475.3605001826731,N/A,fwdllm_aggregator
505f9fc483cf4df68a2409257b5fad7d3c580379,N/A,N/A,12.626278047741035,1889.9599422266695,N/A,fwdllm_aggregator
505f9fc483cf4df68a2409257b5fad7d3c580373,N/A,N/A,10.25625307965276,1532.7150478356825,N/A,fwdllm_aggregator
505f9fc483cf4df68a2409257b5fad7d3c580374,N/A,N/A,10.219492474101767,1581.5529933930904,N/A,fwdllm_aggregator
505f9fc483cf4df68a2409257b5fad7d3c580376,N/A,N/A,12.105310557816015,1819.771453005656,N/A,fwdllm_aggregator
505f9fc483cf4df68a2409257b5fad7d3c580385,N/A,N/A,10.710711698704873,1635.0859355215944,N/A,fwdllm_aggregator
505f9fc483cf4df68a2409257b5fad7d3c580383,N/A,N/A,9.160915813391098,1387.7994626589673,N/A,fwdllm_aggregator
505f9fc483cf4df68a2409257b5fad7d3c580378,N/A,N/A,11.120777143038913,1694.370326335094,N/A,fwdllm_aggregator
505f9fc483cf4df68a2409257b5fad7d3c580371,N/A,N/A,9.833401911437134,1475.3605001826731,N/A,fwdllm_aggregator
505f9fc483cf4df68a2409257b5fad7d3c580385,N/A,N/A,10.710711698704873,1635.0859355215944,N/A,fwdllm_aggregator
505f9fc483cf4df68a2409257b5fad7d3c580373,N/A,N/A,10.25625307965276,1532.7150478356825,N/A,fwdllm_aggregator
505f9fc483cf4df68a2409257b5fad7d3c580382,N/A,N/A,9.143368979159842,1388.013280832476,N/A,fwdllm_aggregator
505f9fc483cf4df68a2409257b5fad7d3c580375,N/A,N/A,12.31612811393053,1851.378039169985,N/A,fwdllm_aggregator
505f9fc483cf4df68a2409257b5fad7d3c580381,N/A,N/A,10.526500864911586,1571.2277820991953,N/A,fwdllm_aggregator
505f9fc483cf4df68a2409257b5fad7d3c580376,N/A,N/A,12.105310557816015,1819.771453005656,N/A,fwdllm_aggregator
505f9fc483cf4df68a2409257b5fad7d3c580371,N/A,N/A,9.833401911437134,1475.3605001826731,N/A,fwdllm_aggregator
505f9fc483cf4df68a2409257b5fad7d3c580383,N/A,N/A,9.160915813391098,1387.7994626589673,N/A,fwdllm_aggregator
505f9fc483cf4df68a2409257b5fad7d3c580379,N/A,N/A,12.626278047741035,1889.9599422266695,N/A,fwdllm_aggregator
505f9fc483cf4df68a2409257b5fad7d3c580374,N/A,N/A,10.219492474101767,1581.5529933930904,N/A,fwdllm_aggregator
505f9fc483cf4df68a2409257b5fad7d3c580376,N/A,N/A,12.105310557816015,1819.771453005656,N/A,fwdllm_aggregator
505f9fc483cf4df68a2409257b5fad7d3c580378,N/A,N/A,11.120777143038913,1694.370326335094,N/A,fwdllm_aggregator
505f9fc483cf4df68a2409257b5fad7d3c580381,N/A,N/A,10.526500864911586,1571.2277820991953,N/A,fwdllm_aggregator
505f9fc483cf4df68a2409257b5fad7d3c580373,N/A,N/A,10.25625307965276,1532.7150478356825,N/A,fwdllm_aggregator
505f9fc483cf4df68a2409257b5fad7d3c580382,N/A,N/A,9.143368979159842,1388.013280832476,N/A,fwdllm_aggregator
505f9fc483cf4df68a2409257b5fad7d3c580385,N/A,N/A,10.710711698704873,1635.0859355215944,N/A,fwdllm_aggregator
505f9fc483cf4df68a2409257b5fad7d3c580374,N/A,N/A,10.219492474101767,1581.5529933930904,N/A,fwdllm_aggregator
505f9fc483cf4df68a2409257b5fad7d3c580372,N/A,N/A,10.900743203680111,1595.8715507904496,N/A,fwdllm_aggregator
505f9fc483cf4df68a2409257b5fad7d3c580379,N/A,N/A,12.626278047741035,1889.9599422266695,N/A,fwdllm_aggregator
505f9fc483cf4df68a2409257b5fad7d3c580375,N/A,N/A,12.31612811393053,1851.378039169985,N/A,fwdllm_aggregator
505f9fc483cf4df68a2409257b5fad7d3c580372,N/A,N/A,10.900743203680111,1595.8715507904496,N/A,fwdllm_aggregator
505f9fc483cf4df68a2409257b5fad7d3c580385,N/A,N/A,10.710711698704873,1635.0859355215944,N/A,fwdllm_aggregator
505f9fc483cf4df68a2409257b5fad7d3c580373,N/A,N/A,10.25625307965276,1532.7150478356825,N/A,fwdllm_aggregator
505f9fc483cf4df68a2409257b5fad7d3c580382,N/A,N/A,9.143368979159842,1388.013280832476,N/A,fwdllm_aggregator
505f9fc483cf4df68a2409257b5fad7d3c580378,N/A,N/A,11.120777143038913,1694.370326335094,N/A,fwdllm_aggregator
505f9fc483cf4df68a2409257b5fad7d3c580385,N/A,N/A,10.710711698704873,1635.0859355215944,N/A,fwdllm_aggregator
505f9fc483cf4df68a2409257b5fad7d3c580376,N/A,N/A,12.105310557816015,1819.771453005656,N/A,fwdllm_aggregator
505f9fc483cf4df68a2409257b5fad7d3c580374,N/A,N/A,10.219492474101767,1581.5529933930904,N/A,fwdllm_aggregator
505f9fc483cf4df68a2409257b5fad7d3c580381,N/A,N/A,10.526500864911586,1571.2277820991953,N/A,fwdllm_aggregator
505f9fc483cf4df68a2409257b5fad7d3c580379,N/A,N/A,12.626278047741035,1889.9599422266695,N/A,fwdllm_aggregator
505f9fc483cf4df68a2409257b5fad7d3c580376,N/A,N/A,12.105310557816015,1819.771453005656,N/A,fwdllm_aggregator
505f9fc483cf4df68a2409257b5fad7d3c580385,N/A,N/A,10.710711698704873,1635.0859355215944,N/A,fwdllm_aggregator
505f9fc483cf4df68a2409257b5fad7d3c580383,N/A,N/A,9.160915813391098,1387.7994626589673,N/A,fwdllm_aggregator
505f9fc483cf4df68a2409257b5fad7d3c580378,N/A,N/A,11.120777143038913,1694.370326335094,N/A,fwdllm_aggregator
505f9fc483cf4df68a2409257b5fad7d3c580382,N/A,N/A,9.143368979159842,1388.013280832476,N/A,fwdllm_aggregator
505f9fc483cf4df68a2409257b5fad7d3c580371,N/A,N/A,9.833401911437134,1475.3605001826731,N/A,fwdllm_aggregator
505f9fc483cf4df68a2409257b5fad7d3c580372,N/A,N/A,10.900743203680111,1595.8715507904496,N/A,fwdllm_aggregator
505f9fc483cf4df68a2409257b5fad7d3c580376,N/A,N/A,12.105310557816015,1819.771453005656,N/A,fwdllm_aggregator
505f9fc483cf4df68a2409257b5fad7d3c580374,N/A,N/A,10.219492474101767,1581.5529933930904,N/A,fwdllm_aggregator
505f9fc483cf4df68a2409257b5fad7d3c580381,N/A,N/A,10.526500864911586,1571.2277820991953,N/A,fwdllm_aggregator
505f9fc483cf4df68a2409257b5fad7d3c580385,N/A,N/A,10.710711698704873,1635.0859355215944,N/A,fwdllm_aggregator
505f9fc483cf4df68a2409257b5fad7d3c580380,N/A,N/A,9.66277914692689,1501.6037374782234,N/A,fwdllm_aggregator
505f9fc483cf4df68a2409257b5fad7d3c580378,N/A,N/A,11.120777143038913,1694.370326335094,N/A,fwdllm_aggregator
505f9fc483cf4df68a2409257b5fad7d3c580383,N/A,N/A,9.160915813391098,1387.7994626589673,N/A,fwdllm_aggregator
505f9fc483cf4df68a2409257b5fad7d3c580382,N/A,N/A,9.143368979159842,1388.013280832476,N/A,fwdllm_aggregator
505f9fc483cf4df68a2409257b5fad7d3c580376,N/A,N/A,12.105310557816015,1819.771453005656,N/A,fwdllm_aggregator
505f9fc483cf4df68a2409257b5fad7d3c580374,N/A,N/A,10.219492474101767,1581.5529933930904,N/A,fwdllm_aggregator
505f9fc483cf4df68a2409257b5fad7d3c580381,N/A,N/A,10.526500864911586,1571.2277820991953,N/A,fwdllm_aggregator
505f9fc483cf4df68a2409257b5fad7d3c580375,N/A,N/A,12.31612811393053,1851.378039169985,N/A,fwdllm_aggregator
505f9fc483cf4df68a2409257b5fad7d3c580379,N/A,N/A,12.626278047741035,1889.9599422266695,N/A,fwdllm_aggregator
505f9fc483cf4df68a2409257b5fad7d3c580372,N/A,N/A,10.900743203680111,1595.8715507904496,N/A,fwdllm_aggregator
505f9fc483cf4df68a2409257b5fad7d3c580372,N/A,N/A,10.900743203680111,1595.8715507904496,N/A,fwdllm_aggregator
505f9fc483cf4df68a2409257b5fad7d3c580372,N/A,N/A,10.900743203680111,1595.8715507904496,N/A,fwdllm_aggregator
505f9fc483cf4df68a2409257b5fad7d3c580376,N/A,N/A,12.105310557816015,1819.771453005656,N/A,fwdllm_aggregator
505f9fc483cf4df68a2409257b5fad7d3c580384,N/A,N/A,13.044363764683604,1941.361989010676,N/A,fwdllm_aggregator
505f9fc483cf4df68a2409257b5fad7d3c580382,N/A,N/A,9.143368979159842,1388.013280832476,N/A,fwdllm_aggregator
505f9fc483cf4df68a2409257b5fad7d3c580380,N/A,N/A,9.66277914692689,1501.6037374782234,N/A,fwdllm_aggregator
505f9fc483cf4df68a2409257b5fad7d3c580379,N/A,N/A,12.626278047741035,1889.9599422266695,N/A,fwdllm_aggregator
505f9fc483cf4df68a2409257b5fad7d3c580378,N/A,N/A,11.120777143038913,1694.370326335094,N/A,fwdllm_aggregator
505f9fc483cf4df68a2409257b5fad7d3c580375,N/A,N/A,12.31612811393053,1851.378039169985,N/A,fwdllm_aggregator
505f9fc483cf4df68a2409257b5fad7d3c580372,N/A,N/A,10.900743203680111,1595.8715507904496,N/A,fwdllm_aggregator
505f9fc483cf4df68a2409257b5fad7d3c580371,N/A,N/A,9.833401911437134,1475.3605001826731,N/A,fwdllm_aggregator
505f9fc483cf4df68a2409257b5fad7d3c580383,N/A,N/A,9.160915813391098,1387.7994626589673,N/A,fwdllm_aggregator
505f9fc483cf4df68a2409257b5fad7d3c580380,N/A,N/A,9.66277914692689,1501.6037374782234,N/A,fwdllm_aggregator
505f9fc483cf4df68a2409257b5fad7d3c580382,N/A,N/A,9.143368979159842,1388.013280832476,N/A,fwdllm_aggregator
505f9fc483cf4df68a2409257b5fad7d3c580371,N/A,N/A,9.833401911437134,1475.3605001826731,N/A,fwdllm_aggregator
505f9fc483cf4df68a2409257b5fad7d3c580385,N/A,N/A,10.710711698704873,1635.0859355215944,N/A,fwdllm_aggregator
505f9fc483cf4df68a2409257b5fad7d3c580374,N/A,N/A,9.668019649487226,1572.0704318859441,N/A,fwdllm_aggregator
505f9fc483cf4df68a2409257b5fad7d3c580383,N/A,N/A,9.291527808367785,1397.2955680456373,N/A,fwdllm_aggregator
505f9fc483cf4df68a2409257b5fad7d3c580378,N/A,N/A,12.075278357541467,1721.8911662649598,N/A,fwdllm_aggregator
505f9fc483cf4df68a2409257b5fad7d3c580375,N/A,N/A,13.345181604995583,1985.4204876900644,N/A,fwdllm_aggregator
505f9fc483cf4df68a2409257b5fad7d3c580376,N/A,N/A,11.313747611192571,1799.7362585760586,N/A,fwdllm_aggregator
505f9fc483cf4df68a2409257b5fad7d3c580380,N/A,N/A,9.803959914487757,1486.6474934839805,N/A,fwdllm_aggregator
505f9fc483cf4df68a2409257b5fad7d3c580384,N/A,N/A,12.920678153649495,1976.0859458626264,N/A,fwdllm_aggregator
505f9fc483cf4df68a2409257b5fad7d3c580373,N/A,N/A,9.656703901270681,1449.5271156303886,N/A,fwdllm_aggregator
505f9fc483cf4df68a2409257b5fad7d3c580385,N/A,N/A,10.80079890934361,1635.0859355215944,N/A,fwdllm_aggregator
505f9fc483cf4df68a2409257b5fad7d3c580371,N/A,N/A,10.201350807053654,1475.3605001826731,N/A,fwdllm_aggregator
505f9fc483cf4df68a2409257b5fad7d3c580372,N/A,N/A,10.574422935089945,1595.8715507904496,N/A,fwdllm_aggregator
505f9fc483cf4df68a2409257b5fad7d3c580378,N/A,N/A,12.075278357541467,1721.8911662649598,N/A,fwdllm_aggregator
505f9fc483cf4df68a2409257b5fad7d3c580383,N/A,N/A,9.291527808367785,1397.2955680456373,N/A,fwdllm_aggregator
505f9fc483cf4df68a2409257b5fad7d3c580384,N/A,N/A,12.920678153649495,1976.0859458626264,N/A,fwdllm_aggregator
505f9fc483cf4df68a2409257b5fad7d3c580376,N/A,N/A,11.313747611192571,1799.7362585760586,N/A,fwdllm_aggregator
505f9fc483cf4df68a2409257b5fad7d3c580373,N/A,N/A,9.656703901270681,1449.5271156303886,N/A,fwdllm_aggregator
505f9fc483cf4df68a2409257b5fad7d3c580380,N/A,N/A,9.803959914487757,1486.6474934839805,N/A,fwdllm_aggregator
505f9fc483cf4df68a2409257b5fad7d3c580375,N/A,N/A,13.345181604995583,1985.4204876900644,N/A,fwdllm_aggregator
505f9fc483cf4df68a2409257b5fad7d3c580374,N/A,N/A,9.668019649487226,1572.0704318859441,N/A,fwdllm_aggregator
505f9fc483cf4df68a2409257b5fad7d3c580381,N/A,N/A,10.468817411746576,1571.2277820991953,N/A,fwdllm_aggregator
505f9fc483cf4df68a2409257b5fad7d3c580376,N/A,N/A,11.313747611192571,1799.7362585760586,N/A,fwdllm_aggregator
505f9fc483cf4df68a2409257b5fad7d3c580385,N/A,N/A,10.80079890934361,1635.0859355215944,N/A,fwdllm_aggregator
505f9fc483cf4df68a2409257b5fad7d3c580378,N/A,N/A,12.075278357541467,1721.8911662649598,N/A,fwdllm_aggregator
505f9fc483cf4df68a2409257b5fad7d3c580384,N/A,N/A,12.920678153649495,1976.0859458626264,N/A,fwdllm_aggregator
505f9fc483cf4df68a2409257b5fad7d3c580382,N/A,N/A,9.254872456418312,1388.013280832476,N/A,fwdllm_aggregator
505f9fc483cf4df68a2409257b5fad7d3c580379,N/A,N/A,12.603563900661069,1889.9599422266695,N/A,fwdllm_aggregator
505f9fc483cf4df68a2409257b5fad7d3c580375,N/A,N/A,13.345181604995583,1985.4204876900644,N/A,fwdllm_aggregator
505f9fc483cf4df68a2409257b5fad7d3c580383,N/A,N/A,9.291527808367785,1397.2955680456373,N/A,fwdllm_aggregator
505f9fc483cf4df68a2409257b5fad7d3c580384,N/A,N/A,12.920678153649495,1976.0859458626264,N/A,fwdllm_aggregator
505f9fc483cf4df68a2409257b5fad7d3c580373,N/A,N/A,9.656703901270681,1449.5271156303886,N/A,fwdllm_aggregator
505f9fc483cf4df68a2409257b5fad7d3c580378,N/A,N/A,12.075278357541467,1721.8911662649598,N/A,fwdllm_aggregator
505f9fc483cf4df68a2409257b5fad7d3c580380,N/A,N/A,9.803959914487757,1486.6474934839805,N/A,fwdllm_aggregator
505f9fc483cf4df68a2409257b5fad7d3c580372,N/A,N/A,10.574422935089945,1595.8715507904496,N/A,fwdllm_aggregator
505f9fc483cf4df68a2409257b5fad7d3c580382,N/A,N/A,9.254872456418312,1388.013280832476,N/A,fwdllm_aggregator
505f9fc483cf4df68a2409257b5fad7d3c580376,N/A,N/A,11.313747611192571,1799.7362585760586,N/A,fwdllm_aggregator
505f9fc483cf4df68a2409257b5fad7d3c580384,N/A,N/A,12.920678153649495,1976.0859458626264,N/A,fwdllm_aggregator
505f9fc483cf4df68a2409257b5fad7d3c580373,N/A,N/A,9.656703901270681,1449.5271156303886,N/A,fwdllm_aggregator
505f9fc483cf4df68a2409257b5fad7d3c580372,N/A,N/A,10.574422935089945,1595.8715507904496,N/A,fwdllm_aggregator
505f9fc483cf4df68a2409257b5fad7d3c580374,N/A,N/A,9.668019649487226,1572.0704318859441,N/A,fwdllm_aggregator
505f9fc483cf4df68a2409257b5fad7d3c580376,N/A,N/A,11.313747611192571,1799.7362585760586,N/A,fwdllm_aggregator
505f9fc483cf4df68a2409257b5fad7d3c580385,N/A,N/A,10.80079890934361,1635.0859355215944,N/A,fwdllm_aggregator
505f9fc483cf4df68a2409257b5fad7d3c580381,N/A,N/A,10.468817411746576,1571.2277820991953,N/A,fwdllm_aggregator
505f9fc483cf4df68a2409257b5fad7d3c580380,N/A,N/A,9.803959914487757,1486.6474934839805,N/A,fwdllm_aggregator
505f9fc483cf4df68a2409257b5fad7d3c580371,N/A,N/A,10.201350807053654,1475.3605001826731,N/A,fwdllm_aggregator
505f9fc483cf4df68a2409257b5fad7d3c580379,N/A,N/A,12.603563900661069,1889.9599422266695,N/A,fwdllm_aggregator
505f9fc483cf4df68a2409257b5fad7d3c580372,N/A,N/A,10.574422935089945,1595.8715507904496,N/A,fwdllm_aggregator
505f9fc483cf4df68a2409257b5fad7d3c580378,N/A,N/A,12.075278357541467,1721.8911662649598,N/A,fwdllm_aggregator
505f9fc483cf4df68a2409257b5fad7d3c580382,N/A,N/A,9.254872456418312,1388.013280832476,N/A,fwdllm_aggregator
505f9fc483cf4df68a2409257b5fad7d3c580379,N/A,N/A,12.603563900661069,1889.9599422266695,N/A,fwdllm_aggregator
505f9fc483cf4df68a2409257b5fad7d3c580373,N/A,N/A,9.656703901270681,1449.5271156303886,N/A,fwdllm_aggregator
505f9fc483cf4df68a2409257b5fad7d3c580381,N/A,N/A,10.468817411746576,1571.2277820991953,N/A,fwdllm_aggregator
505f9fc483cf4df68a2409257b5fad7d3c580384,N/A,N/A,12.920678153649495,1976.0859458626264,N/A,fwdllm_aggregator
505f9fc483cf4df68a2409257b5fad7d3c580385,N/A,N/A,10.80079890934361,1635.0859355215944,N/A,fwdllm_aggregator
505f9fc483cf4df68a2409257b5fad7d3c580376,N/A,N/A,11.313747611192571,1799.7362585760586,N/A,fwdllm_aggregator
505f9fc483cf4df68a2409257b5fad7d3c580383,N/A,N/A,9.291527808367785,1397.2955680456373,N/A,fwdllm_aggregator
505f9fc483cf4df68a2409257b5fad7d3c580372,N/A,N/A,10.574422935089945,1595.8715507904496,N/A,fwdllm_aggregator
505f9fc483cf4df68a2409257b5fad7d3c580375,N/A,N/A,13.345181604995583,1985.4204876900644,N/A,fwdllm_aggregator
505f9fc483cf4df68a2409257b5fad7d3c580378,N/A,N/A,12.075278357541467,1721.8911662649598,N/A,fwdllm_aggregator
505f9fc483cf4df68a2409257b5fad7d3c580371,N/A,N/A,10.201350807053654,1475.3605001826731,N/A,fwdllm_aggregator
505f9fc483cf4df68a2409257b5fad7d3c580384,N/A,N/A,12.920678153649495,1976.0859458626264,N/A,fwdllm_aggregator
505f9fc483cf4df68a2409257b5fad7d3c580385,N/A,N/A,10.80079890934361,1635.0859355215944,N/A,fwdllm_aggregator
505f9fc483cf4df68a2409257b5fad7d3c580381,N/A,N/A,10.468817411746576,1571.2277820991953,N/A,fwdllm_aggregator
505f9fc483cf4df68a2409257b5fad7d3c580380,N/A,N/A,9.803959914487757,1486.6474934839805,N/A,fwdllm_aggregator
505f9fc483cf4df68a2409257b5fad7d3c580374,N/A,N/A,9.668019649487226,1572.0704318859441,N/A,fwdllm_aggregator
505f9fc483cf4df68a2409257b5fad7d3c580383,N/A,N/A,9.291527808367785,1397.2955680456373,N/A,fwdllm_aggregator
505f9fc483cf4df68a2409257b5fad7d3c580372,N/A,N/A,10.574422935089945,1595.8715507904496,N/A,fwdllm_aggregator
505f9fc483cf4df68a2409257b5fad7d3c580378,N/A,N/A,12.075278357541467,1721.8911662649598,N/A,fwdllm_aggregator
505f9fc483cf4df68a2409257b5fad7d3c580382,N/A,N/A,9.254872456418312,1388.013280832476,N/A,fwdllm_aggregator
505f9fc483cf4df68a2409257b5fad7d3c580380,N/A,N/A,9.803959914487757,1486.6474934839805,N/A,fwdllm_aggregator
505f9fc483cf4df68a2409257b5fad7d3c580371,N/A,N/A,10.201350807053654,1475.3605001826731,N/A,fwdllm_aggregator
505f9fc483cf4df68a2409257b5fad7d3c580373,N/A,N/A,9.656703901270681,1449.5271156303886,N/A,fwdllm_aggregator
505f9fc483cf4df68a2409257b5fad7d3c580375,N/A,N/A,13.345181604995583,1985.4204876900644,N/A,fwdllm_aggregator
505f9fc483cf4df68a2409257b5fad7d3c580374,N/A,N/A,9.668019649487226,1572.0704318859441,N/A,fwdllm_aggregator
505f9fc483cf4df68a2409257b5fad7d3c580376,N/A,N/A,11.313747611192571,1799.7362585760586,N/A,fwdllm_aggregator
505f9fc483cf4df68a2409257b5fad7d3c580383,N/A,N/A,9.291527808367785,1397.2955680456373,N/A,fwdllm_aggregator
505f9fc483cf4df68a2409257b5fad7d3c580379,N/A,N/A,12.603563900661069,1889.9599422266695,N/A,fwdllm_aggregator
505f9fc483cf4df68a2409257b5fad7d3c580372,N/A,N/A,10.574422935089945,1595.8715507904496,N/A,fwdllm_aggregator
505f9fc483cf4df68a2409257b5fad7d3c580378,N/A,N/A,12.075278357541467,1721.8911662649598,N/A,fwdllm_aggregator
505f9fc483cf4df68a2409257b5fad7d3c580374,N/A,N/A,9.668019649487226,1572.0704318859441,N/A,fwdllm_aggregator
505f9fc483cf4df68a2409257b5fad7d3c580383,N/A,N/A,9.291527808367785,1397.2955680456373,N/A,fwdllm_aggregator
505f9fc483cf4df68a2409257b5fad7d3c580385,N/A,N/A,10.80079890934361,1635.0859355215944,N/A,fwdllm_aggregator
505f9fc483cf4df68a2409257b5fad7d3c580382,N/A,N/A,9.254872456418312,1388.013280832476,N/A,fwdllm_aggregator
505f9fc483cf4df68a2409257b5fad7d3c580375,N/A,N/A,13.345181604995583,1985.4204876900644,N/A,fwdllm_aggregator
505f9fc483cf4df68a2409257b5fad7d3c580384,N/A,N/A,12.920678153649495,1976.0859458626264,N/A,fwdllm_aggregator
505f9fc483cf4df68a2409257b5fad7d3c580379,N/A,N/A,12.603563900661069,1889.9599422266695,N/A,fwdllm_aggregator
505f9fc483cf4df68a2409257b5fad7d3c580381,N/A,N/A,10.468817411746576,1571.2277820991953,N/A,fwdllm_aggregator
505f9fc483cf4df68a2409257b5fad7d3c580373,N/A,N/A,9.656703901270681,1449.5271156303886,N/A,fwdllm_aggregator
505f9fc483cf4df68a2409257b5fad7d3c580376,N/A,N/A,11.313747611192571,1799.7362585760586,N/A,fwdllm_aggregator
505f9fc483cf4df68a2409257b5fad7d3c580385,N/A,N/A,10.80079890934361,1635.0859355215944,N/A,fwdllm_aggregator
505f9fc483cf4df68a2409257b5fad7d3c580383,N/A,N/A,9.291527808367785,1397.2955680456373,N/A,fwdllm_aggregator
505f9fc483cf4df68a2409257b5fad7d3c580372,N/A,N/A,10.574422935089945,1595.8715507904496,N/A,fwdllm_aggregator
505f9fc483cf4df68a2409257b5fad7d3c580382,N/A,N/A,9.254872456418312,1388.013280832476,N/A,fwdllm_aggregator
505f9fc483cf4df68a2409257b5fad7d3c580375,N/A,N/A,13.345181604995583,1985.4204876900644,N/A,fwdllm_aggregator
505f9fc483cf4df68a2409257b5fad7d3c580371,N/A,N/A,10.201350807053654,1475.3605001826731,N/A,fwdllm_aggregator
505f9fc483cf4df68a2409257b5fad7d3c580385,N/A,N/A,10.80079890934361,1635.0859355215944,N/A,fwdllm_aggregator
505f9fc483cf4df68a2409257b5fad7d3c580380,N/A,N/A,9.803959914487757,1486.6474934839805,N/A,fwdllm_aggregator
505f9fc483cf4df68a2409257b5fad7d3c580378,N/A,N/A,12.075278357541467,1721.8911662649598,N/A,fwdllm_aggregator
505f9fc483cf4df68a2409257b5fad7d3c580379,N/A,N/A,12.603563900661069,1889.9599422266695,N/A,fwdllm_aggregator
505f9fc483cf4df68a2409257b5fad7d3c580374,N/A,N/A,9.668019649487226,1572.0704318859441,N/A,fwdllm_aggregator
505f9fc483cf4df68a2409257b5fad7d3c580381,N/A,N/A,10.468817411746576,1571.2277820991953,N/A,fwdllm_aggregator
505f9fc483cf4df68a2409257b5fad7d3c580383,N/A,N/A,9.291527808367785,1397.2955680456373,N/A,fwdllm_aggregator
505f9fc483cf4df68a2409257b5fad7d3c580372,N/A,N/A,10.574422935089945,1595.8715507904496,N/A,fwdllm_aggregator
505f9fc483cf4df68a2409257b5fad7d3c580382,N/A,N/A,9.254872456418312,1388.013280832476,N/A,fwdllm_aggregator
505f9fc483cf4df68a2409257b5fad7d3c580371,N/A,N/A,10.201350807053654,1475.3605001826731,N/A,fwdllm_aggregator
505f9fc483cf4df68a2409257b5fad7d3c580385,N/A,N/A,10.80079890934361,1635.0859355215944,N/A,fwdllm_aggregator
505f9fc483cf4df68a2409257b5fad7d3c580381,N/A,N/A,10.468817411746576,1571.2277820991953,N/A,fwdllm_aggregator
505f9fc483cf4df68a2409257b5fad7d3c580378,N/A,N/A,12.075278357541467,1721.8911662649598,N/A,fwdllm_aggregator
505f9fc483cf4df68a2409257b5fad7d3c580375,N/A,N/A,13.345181604995583,1985.4204876900644,N/A,fwdllm_aggregator
505f9fc483cf4df68a2409257b5fad7d3c580384,N/A,N/A,12.920678153649495,1976.0859458626264,N/A,fwdllm_aggregator
505f9fc483cf4df68a2409257b5fad7d3c580374,N/A,N/A,9.668019649487226,1572.0704318859441,N/A,fwdllm_aggregator
505f9fc483cf4df68a2409257b5fad7d3c580373,N/A,N/A,9.656703901270681,1449.5271156303886,N/A,fwdllm_aggregator
505f9fc483cf4df68a2409257b5fad7d3c580372,N/A,N/A,10.574422935089945,1595.8715507904496,N/A,fwdllm_aggregator
505f9fc483cf4df68a2409257b5fad7d3c580383,N/A,N/A,9.291527808367785,1397.2955680456373,N/A,fwdllm_aggregator
505f9fc483cf4df68a2409257b5fad7d3c580376,N/A,N/A,11.313747611192571,1799.7362585760586,N/A,fwdllm_aggregator
505f9fc483cf4df68a2409257b5fad7d3c580371,N/A,N/A,10.201350807053654,1475.3605001826731,N/A,fwdllm_aggregator
505f9fc483cf4df68a2409257b5fad7d3c580385,N/A,N/A,10.80079890934361,1635.0859355215944,N/A,fwdllm_aggregator
505f9fc483cf4df68a2409257b5fad7d3c580374,N/A,N/A,9.668019649487226,1572.0704318859441,N/A,fwdllm_aggregator
505f9fc483cf4df68a2409257b5fad7d3c580384,N/A,N/A,12.920678153649495,1976.0859458626264,N/A,fwdllm_aggregator
505f9fc483cf4df68a2409257b5fad7d3c580373,N/A,N/A,9.656703901270681,1449.5271156303886,N/A,fwdllm_aggregator
505f9fc483cf4df68a2409257b5fad7d3c580375,N/A,N/A,13.345181604995583,1985.4204876900644,N/A,fwdllm_aggregator
